BWh3hPWKENccHtWr73mFurVAuD3x27n6VbRUWF8tCnDA,26,
EurdJC4gSFPNDzJFDyP7Cy1qz5c8qxn3SHev1am5uEw2,7,
4Nk37hHNqDHwgVbJJ4MhAnig8JbgGxWsAQZkccR13qgs,9,
5EtCT1idgTT8G4QVU5vVFPXSiXR7vzDJ94deTFNQ1vaP,6,
9ze6cSPBTcvTKArmqKfDUdAiiP8tsmS7SMNR7BkKV9g5,2,
CvDRhHweLn322NWp9Gf1fmmvmqPB4x7n72NYSKG4BzSX,10,
vWXPzqQvHfeeJHMa1u9PFzTyc6rXHPR2TwVjk943yuV,1,
5PLZSYo7NSkuX7hRXrXNP4WBxz1TiuvGdDAjfSZUKmN8,2,
3n8sJV1irrWqRr6ToXib5Knnfys6ibFewuT9c8fY5eZs,1,
BX6wnzCTY693G442Q6G9Yuhe2DUKFUBTHTGwb9hN5a53,2,
C3HC8DrAoQqiWdCvo4u4nJATfmsHxwg3cZx18cUm9wuH,5,
mCQpbven4Sc5UBkWzYv7qGsgo1cDDf3tW1rYcrruY1p,1,
DRjCSeYc7GwsJhqMQJvTX4wPcbyMxq4uyKJUWtVRXC1a,14,
31XQSr4VFxPnxHz4WaPkCUzhGEpwqSUAzsLUYWLFSgTH,2,
HZcrf6wGhVTG7w5nCojHWyyov5ST9xMeYcjac1imyn6c,5,
2VnLQ8QU9iTAqptLM2U65Aq2giFqZrUF7hBbDWkqFvZH,1,
6chzr4HPnwYtb7qpchALUKvfh5YPyJjnpJFpHGrS2Eyg,26,
qg7pNNZq7qDQuc6Xkd1x4NvS2VM3aHtCqHEzucZxRGA,13,
78N2UxWCxHRxQSqazHYDJ5v4YTX6sZe9wVDLrgp9oNnj,6,
23QsytSrxLgPoZkyyUTyFcoJAdMZMax5wpZj12CwzhJN,1,
4efsCqQsCnMy9SNEy7zFm5KscoF26h1CaS9ueEWGDShC,14,
DHcjTd38bWeYQo3MfSW5dZbFZZbabJXxLJZRRucVsvcN,2,
DFn4rbXSvs8i79WZXMfBhhUfN7aDdb8gNzY2mg4qWFJu,1,
B6ns1CUq1XdpazEndKSkGLnxVfX8Q5iG8vUZ95MQZrN8,9,
4XTcTN5NSer76hprw2gS1ejdtB2tD8pLJuW41bpns7kn,1,
FjPPzNPetzQ7Pzb1bFsJJyxMNfGwga4UWJitTDEjcZCF,12,
4gvZaBcEhAiUqkJXaWSKbAJAMgjxoVb8JexpUSSFUh3d,10,
7ZiUaTnvHUn6pCqKmWq5BwaRaACQgJngH8onoMLJd9ha,1,
BusGhT7dX6dTcp7FerWbnGGEz8k2EYczm7NfGqv4EWba,2,
3aRYyRS3iLufiNgDQpfwRkUuoKnFEzcFGfjMHnnKKARx,1,
6simnhyU6YRdrmfuPhwBuAz9YwC4MscQjavuSDe6nCjT,24,
3xf44JEL2TsnzuVfZWRoUge7Hg2PU6vb1ChsusvQwqLX,1,
EYKe9ntbErQZd9aKKoe9xJqYUVCNVA5tDEqhsbYd5mL8,17,
EgHmFsw5Jx4BJox4H2MNYd7LhfrMis4RxgGyZQ3esZJS,1,
AXMSnRfzyftnLue4iTAPGAoJ1kiYhBb7CX2kSfaLbaoY,2,
7Q3PX3i4pYWkq4UadXie5jkdkdX6f2UKFxpbVZnzeMr2,25,
8UVUS5oYyeuU9NsGk5JeHAhKvegdjQWXVArwfbaQtPQW,2,
5o3Y3L7Ms7N8MAdR35zTkhXuFQFsn2oKMq3ipTx27uJS,6,
3sDSqnTdAUr9j7Nn2NZdbcvhL9GWB2DFPiTWRAi3dUdm,3,
CEvZSadr2iHriujwWGPtYEwL6G3ZtcUL3ZaEkDgEaa2r,1,
5grJXKe6gxBXyTZG6os6BBJ4YoSLcZmG15x6U6ATxABi,1,
3dsn8NYP9Sra75kaKndhihozK9LSxKrtgiipSP3u8pfU,2,
8fdddL8sWGmXeFDpXYk3aCoF3xZbkA5gVg82Kzfa4Cxd,6,
DrBLCfTz8g46HHAL69ZGJsKYJymRJD4jSMEqeknFtit3,3,
5S88nMKs8edxGbf97pMMxcahxyH67gCf2RH6JyvsePQf,2,
FrvMeQPnwfwxkKVs4G6EfsVdF8PFJMqd8sP41Xbk5sPX,1,
DBwA2hgSGY2FTCohwfDSMN4v446v5yrMK7i3ntHuJdZS,27,
GPo3XtLpZsapaNNdCyLmi2rzutRfe5QKTgtUFd8hLAa8,1,
5v6ir9kLoFry8rh9tSBydyKZAWycCEqBFvVWrNQTDa8K,1,
HWJoe1e6hJ1WvCVErFnXkYyANbp8NpESSC5omNvKP9Wb,2,
EYiu1Lsb8HhUWnLMYfVUxKfT9bZRF3W7HCzgSd1kaMHF,3,
9SuaQ8TW34Nu2hbvwe7GHgAtRCW4Nw4k4wU4keJPALuZ,3,
HB7yHiJh2XkM3WbKcL2PDTAmXCPV5tj48EdEBuUGd2WJ,2,
Ay6pCRkxa6E12J5NFL2inFXumpnQFm518dgesvTUxtix,4,
FxZzCwSedxKus5r8hyd1QpyebUU6TJzbGkLFCui2SvP,3,
E7NkNZ9AK59xuFcJqfLiWBsgiq9ugpprVckqspuc34tg,1,
qJCkxAQ1SiaKpvh8vsA6DTSPhjQYtDctPhMB5KDJBVX,2,
DmQnJ1h3dbiWorN7fjkT1e5XcL8p2R5ue5M5WaqRrBfG,1,
DoYRJY3RurDsjHetxHVGKqwKvfxNEznBMfdEqe6QJwSR,4,
DYCHHKP2nEfED8PiR3M62zK43u8vJxG1WLKTTTd5rr1T,1,
4dBNn8t3EHn9fpRAi1KTysSfsrNkw4kr1P9ACqfcQDYv,1,
ELwi1XavTbX4pdQY4iuVg5SxRCZyV8ZPxVxNCirn7M1s,1,
4eU6TcHouFsxJnynzGM5TXxdVKFD8ZFWmkEs7ew42Kmh,2,
92PejedtuCgz6iL8smCmEE1fB91qfTZKjDHXwLzv2bar,11,
2PYGFp7NV3MBMKy4RpN1yVbqAocfZWEA78wVua2sQhae,8,
6W3HNEweX2dNViWscpyuL8iVDx2iniZRPp3rakr2kS3o,6,
BdZYTXJhyCJ1C8PL4SCJUbVG21uPPBB9FLgSdymZ2qu3,20,
5EKJ5szbF9rdjTvYbVYG2T7XeEGKoEZV4bjXpkqQSJcJ,4,
8t2L1anJW8h7BHG4eCDwc3KiNxSVU2cACa3FhnA9rXuK,2,
Di3td7eTwMMjxLTZpuG6mY51ihggDdytVjz5EYovnp5o,5,
3ffMyY7NdrsjtghzuacoYKvDFCFqZikr5pCaeiofNntd,2,
FB2fe5sXvxnftRQtNjZS7Ws1vbgt43D3gwgQ7XYz7GHn,1,
EVFRMWJb6thCtnFTji7U98PbtPYFVHMzi8ph3tJqdBDD,3,
E161YZCXpwT9mXTnpd8BfqhZLNQZGYRKDq9CJwn9hWaJ,1,
68ZYhEqLuKjZcULrCVjzPCnzCC44qe9M9yLYpTbWEtad,1,
6zsX4RaoWnif3V8A5G7e5x1xPbC6GHeRcpHjQgPn3Q6M,1,
2xGR3FjqtYJMJqkTeCp7ygPz6PBzWzKKE9W4mUeHu97U,4,
FT2SqUAhS9oAEY9UwPbNPJbfAM2Z754jDBdv39wY4RAi,4,
HfjRWWTX9qdJQaqNRzydYsCTYqUUEuNXhsAp3wco6C4x,1,
GC896fz61fGm9dK2sshccr5hBmCwEZkSrQgtnJ4Jxsmu,1,
BPGamp8nAVMw69tBu1tmKsVvhJbHUgr1GuEftozYqukU,1,
GftjMawt5PzoRToAXJSpwB4zcW1qmjs6MgRXX1Vje6CB,1,
DPPirq3RTKxw2dAWfC32bjUcuW9HJStQ2WumDEjKwVWP,2,
J3MzNcHLuEKcecFmzZ6vtANjJ3oAN2Ga3fyrK585Yjru,10,
Hsmk6oavwTk6BtKvjEnwSgK8SW7vJAj7d4q787bffLC5,1,
6dZpHvpDi1JzFdC8YySfdHHTh625rYUqoi5SmrZFPEQf,7,
9CfUG2RQgrEtMwjVs9Dt15GYYwepyCQPJXhKJvk6Du7o,1,
7MnWgCo5ZeSNPtvmBghswtAKNDQcBHDL1EVoDTLi8iwh,1,
8Wqn9G7SXahUzLJtiL8CUpQJ62ox88gBceXabmne3Dea,1,
9Zq3fX9vuKebRonGkMXnhN5Lend4FHDAG7mnjnBrBW2v,1,
6mVbEsGejv4aPNRnV5z2229ynLAaJp6zf2Ao2VFsSgyy,2,
3yBFHBzEQgSaGyegQw3ML7QkWJMEoXxK4wwPgxaCN39i,1,
EvPF8mobBMn31efXa4mhCoLSekrvaBHYsttU8j3qMb3i,2,
4UoaSzgABtbHu5Vb7U67X8xmZtmHoun3kbkSQt7DK4AC,1,
EpftWJP9gUiJzL4TRgAa7UPVKG1ygpDoDqKMkq81eits,1,
7KMYy11BCShBzjc2S1Xd4VLy8isZqZPon8NQTxvLuCmN,1,
2CEPGMwh2UFPn27RvZ71bjg41xMyXKyvepwQp5XsjxBi,3,
84EP86XSYJADvFwKPZwcQUqhxaTRPyASji8jJ3rBoPEd,5,
DwFwz2fYKi5UJZvzahVxjURFpuk183UUsrZ3cAt1Bx4Q,10,
DYj5SrWWL5csFYwmv5stqAdSEdiywjGWtkhHHWo5riVV,2,
6JY1U2Ads1gSN3VpuCeaamsfvSFgWmhgvNEELepMxukv,5,
SkeLs1n5eV1BfWntxvpG7MdE9CeCX851HsubBQx7cEi,1,
22Yy7AnfM6jM3CtRKpo1AitHis4W2hizwKZxtwLYacTz,1,
86eVUkzKonmfJzUQ8Q57uXF8nQPuQ3sxDPouSSD1vgkM,5,
8b4WNbU3fpu2dnSRuatmPcXRk535bJxYMiPsLtAA4ihk,1,
G2soNMKJJCVsszQFXLn5TW2Z9krY9Qt1krH2iToKpsAe,1,
Fqh3EUsdwUgvHe8Xa131VHpckGvcpHUnZthXDxVVedjz,1,
8DaRo6XGAe9rZq4e8iSXpvSFMbg8MUkD1apEKw3oejut,5,
3hn5fWZEf2yUZcwU2CV2Wkvk7YDiysM8xBwmesFg7sN1,3,
HBrw2RP5fiVBekChdjGMPkVNDyKxeen9A26tKTWPhpBj,6,
2ZB83cNoLxdJBX6JEngZiafxLaJdH2J55pw4ZcDNLtoL,3,
HWhn6PCn86zXLpoTEEw2beWAk3xpgarTqoXLtUZ4DZnZ,2,
5GWzGngyEm8FwcBYUCAJGXbCshZU2GsbGtCDTtbJNWXi,1,
AQtaQ6KW9v2Reta5aLWq9ifEna7r5WhyRK8QK9cNM5bn,1,
9brJJhejx28m9X181pVohpJALARfEahq5KAWnX9ZZjdX,1,
8Kt5SwJCqXgKdZ7CShw6j3HcuxUcyhkCqiWaZRHiCxNt,1,
9qAnTToeidsA6YHrm2EAT1JwqTrjQWugSB17CS4FGqUv,1,
8xjZ25JvsBvPT5T11iLJXmMVcLZisX6aQ3GoGogLdqa,1,
AXXUgjD21L6576drkHZDmTAz74QMF8qfeFjdHwqh2kYs,1,
HPGmfWVFZoovewBCp62ixupHKFJ7hdEUMtSV5XKk2cpq,1,
kwbobqHw69upuQTRSuqhFwtvqDzb2w5WiJHkpT87LhW,1,
8CwzTTvCeqyXfqvf5j3XLL6CbWPRCMf3CbUiYhk21zrG,1,
CrJMfHEicJ8HhNWS6ip5ociFVLATkuL819FEtSHtKCz5,2,
uNwisupwWJ38fZtQNWB3SrNWGZgnRgS3PzAf65m7yt7,2,
2VsKvkDJ1Dy5TQ4MuQmvbr44nG9UAExeBr9GGory41x9,4,
CwGecEMRtia4TQRi3mAEnvnDnud4KdsnfuX88mmEvhCV,1,
4gYxbsuutjw2aY6rgbh7VXdCa5wGDkCHS7rPsTMnp8xM,1,
E36QUJRZJXvMXHN3iq2R8XSuTPejk4a9yfWr6TzJJ66s,2,
9m8FXc4v2PLJc62biS8S6HPDkDBZxCyMTThv29TQyzUf,2,
4sdNGggVzJDZmL8WMKVgsyDLMDh3dJ4zxoBbeH2AUvgv,1,
HHRBu6ezViUDi7be1fYSRGmH4HSifVR4UvuitYiZChnt,1,
J3JQVpDzh1VSZ427M8Ptj8GLXAwMxC33E76Wfm79zEtV,1,
GbRgqsMqKTjr21NcLpoaVf44zTTXfzRJBCZ6TTGzSYHw,1,
CNLH3uZiJfbt44135dLD4RfXJ5pw6NQWR4J4tsFohXZW,2,
7sw4oe7bth6iRGyToBmrAb4AvXeCcpCi4xG2uhKnBeYi,1,
DeVgnpVYatEh1XsEB2eNsDmg5YJbH9ozduiYgj9gWcHi,1,
HW8u6SWupLCPxi8MW2rFkRavuZXCyEzvphQ8BEdbkScW,1,
B9jmP9UKUsnQ7Desav8xQY3tQE4zw5GcrSTwJamrMfZG,1,
FJTfzvsbahzLYtcDxiCVzYe5E2XHsREL84cv4mrXNVAC,2,
32vWBBFwxYY8qrGEV5EdZbA4dcxANMrJy9K7AjQJY9jC,2,
2EZmUJuoR3516R2Ba9aY72KxjVou1fD1HyQKGFbmun9y,1,
5CXxy6FzeVhxHJ1F72HedHXfjp1aSSwDKZ6vSpDYWxb5,1,
7RoS49HKvSicDfj8ANx1fqiXrxN3piuv13auEHpiQZ9K,5,
8ZC96Ry6tdUPCXRxpmHw7JEkj6DUcYPZ7sT8kMnLpBHp,8,
2GYRuJcHmkZ6BAE8ws1WgtrfdaT9EuBNp3Y98MAwn8k6,1,
JBKVbGpPypVZwyFXK6jSWtG6qhw85VNgtNy29mUz3YhY,1,
5qHLuhLx3hgXgS8w59eMH4LS8DNrsBNnZ5HfJdyAav3J,1,
2VepKm2D2ejy4rgNXs93qXDbxFoF6JekP5U15aKAsUnV,1,
CR7gVYbv7vgggsmM1iLoQZYfMiCEsgKcK6Me5ymXX8NC,1,
5NDekHziSVRjNPG4AvegHpcZHLasTdKApsEqZuZ1Vt14,1,
3rqBGfPSTLg86sMMAFcGFqH3xB1Nf6engV9cb6fCBAYQ,6,
rFLDJpu274pbuLubd9wRnsoaQftbXGYhF3z6hWoqiD3,1,
3GccwiA1uMMviuzLmHhtV45JMEUAW5ye1WNaqJWANJDK,3,
3qCyxUVBnSGE3ptpqMex3kWsgj1e5M6bL6TdKcVH2omJ,1,
CXvNVtA48rddzA3JYvtGNhndxf3CkBBJo7JveMo5BBGN,1,
7fNLzu5k5vFGyYGTd6RJu7gDFFgM5V6rHaqHVLr7TqrQ,3,
5iPzZCNqcBokDsMWWZJnSAaajQhVZA7o9tf5JJnQ8Gv2,2,
2aGCsFqZdhCsjZUVx3mTD9p8VAqEWtauBFB6mharRCPE,1,
zandrrxob2CYTusQdLXmM1kcUFk5rpxTUJq7kbayJfz,1,
5XdtA4WjDJEeHTFrdaY4L2repbM3QtKZBQyw2PVVvaPJ,1,
9bxwjzaAHdJwZ4U4iiNUKbKZMCSw3WpN6CKLrcwFUJyf,10,
5yF9v5L3t6KCDFic2w2hmxYNZMs4EYNr3gA1TWJpTraD,2,
ELVm2623DgaYoQSJDU6xmsz2t3JDatUAibK3WnQjzbCL,4,
D3WRBT7GHeqKU8NNc2hzJyaTeyLNyL3VGx7pyXa9fk5i,1,
4umZ3Gsa9FKUTPR9E3FbZvnW9wg7i8DCo5PjXhRn9oeg,1,
9TmGgkRkf2QsrFe6Ssb9staj32FsTccmPHEc6QJSAz4s,3,
41LsP8AZXKfZKL5D2QkbdG8gVrWpaUYqFqVse8R6FCRn,1,
4vyXhJf3r1TbbS8kfB4Ch2M8vVCovBjVTuHpDVzBpzeq,1,
4tu9fjczdV1PCe6vj1xt1FzmHdtUpYCvVk4V1muxV1Sq,2,
8SgVBJqUDqhcrC3gTHbbBtrHnqZfz2ivHUkeyE1KNH58,1,
8eoq3HYPrn8tPJze5QgAC6zr6dAoXJPyzPHn2cyHnCej,1,
3nbLmGeYurTtwkBfonyGDgTyrwoQsA5T5uC6CjwBSdNd,1,
xzFZoh5D9Ahq69J2BVpsd9CAcftdc16KqTTG5wBuax8,1,
b6sUMt8vgxeRi5EFWHserM6BeXEoVCjyfj6ZQ7JaTjG,1,
EQBrFJZMDpXr6TFaADqn3oRJrRzNRfFac4ciTWXmPYsr,3,
F8wbgRQd4CUSAMbRm9TXAaqJnLMJXt53KKdFqK5tZFsq,1,
EWGEH3XDi6VFKSFV4YXuovTUEdZvCxdAV2jiQaZFvz2W,5,
CKAk51hVVae7d63YU9wp5ixoy5ao8wnFCqmMVoFwuAjp,2,
CJ6Agy95Aw9Ps7VSPcq5UQ9xt5HAF264VrzAGEQ6zd9e,1,
FWMnsmFv6EvmtbMP4kHRHodgFMtgg1MBezKf5wsYfavq,3,
3eHM8XeU8WE3iRt15gP6Hhd5WzyCFLGq9dThGqKm1pdT,1,
2n2eMBhAL8NCuXHvZWK86Yex8h1aSnQawP9frbNEiWBJ,6,
6zWzjyYNcCX6wmePx6mGZvECQBPmH6C5BiaTJnSSJnUv,1,
CiLdfHQs6iLBTmWZVK177oZXExGCeaGvQbqCmh6wHUbd,1,
7QLh3UyTXDhhgqsPp1geFenB7ehC6krMx8z2gUqNrZAh,1,
9YFtcgyAMJXU34YkXAEeDoT5cKG4pzE5aK5GWWkZTjwv,1,
BhQHNDvRLX6iqKHptVtCaRqqPcYTFzKVBgckh3FEWYJK,3,
7AN8beUb2V6pPiYdG7VEtLsUYeCV28ba1Vf4ecRsbU8a,2,
8jHWv1kYYj4cj4TuBcfsha438AeKg1tXWHLr4gwUeYDB,2,
HfmL6ZCfCNq5zTSjazXnMdALoLayWSQsUkZPmjVf36LK,1,
C4jozJ3pEsqaNsGUSVPSLKvF626byTZFsD51BvvPHnAs,2,
9re7GGpe9nBs4yuKpPU34ewkJAh1CNFxnqWj9VCycCcP,2,
58yVZPHZxFS9v1hLFP2KdwTMcUrmhseLAuu7WToaXi45,1,
DpaWgh3qHQ8SXVpxC6K14DcZm1ZyMpbFrJ1Tk2ycrQPJ,1,
HCsHpRQFACWsRbqAw4kofts77VYst9ft8gP6Pgwhm5UN,1,
AxX4ghXSx3Envc94tpmUf1v1wq3s9wyLx1Pb7JxLb7Tp,1,
GrkxpGr75YCMRXBe38mUJAx3HcXS3etTDTmVDJ9tp6UP,4,
CNRQ6R6mbD4VjK9TpDjUfuTtx3cH1ygojGox8AEK5WYn,1,
4gC6HwRzPcmXXeALAKzWBomkpYz6vBbyn4YyQewDgwNJ,1,
CwmtHGNPppsrR2o6VaFrC4d4vX4fKA8mfsJumAxYBdZs,3,
8nnc6qmwSPoULUSAKaMFBq8yPRFG6SUHyeqGKtW5nLV6,2,
FamHpBSeGjZhnr878yxqNYfag4XNR1Y8RCEGGM8ANZ1B,1,
4TRUSAqMLbAnmA8MFuJnrmqF8pqBwwYJHrA2sGJAw4s3,3,
FUb6ttW8EL3EABfax77A4TXs55mgAg1E1V9972w6tpeX,4,
CgZCcNUdTRhY1VJqmV34isNSFpoPHmuKr5zcdQXQGVMD,1,
AoNHw7MsaitZ3X2VNnVUT2iPeGA4jYnFe57PqcrXGc7G,1,
EqLFbB3siaf9dSd2UuemDDbEhNg9KBfqKzE4erQCi956,1,
8MQuZQ1KkAwd1L4brHvDHp1X4XKGgp7hC2GG1TBtWm7A,1,
C7oW83J4GS3NksqxxEZqkvFyJiJVWRD5Wz3tE8pY6GUx,1,
HRR56FzeLG8aG5vJ4HniWUykBcUjBML7Y4ZeJ95Lyvov,1,
D4MWjwSmU25TQqMEvHjnTimcuJTpRbShVCEQcq36haYB,1,
R73oWe8VZtxYgmoXYCRpS6oif8QPPvVaK8FjnVavQsE,1,
BbWUSa8mtvtRZ4VLkSJp9trH34rS2eq6QS6xz2xM1ox,1,
5jbLYnPhmv6sGLAYaJUpWm97p4ji2SA2sziQjDoxxtP1,1,
CmwNgWY5WTiDydPqwd6KSxtVsFq2E49gr3hmkaDEdBhe,3,
4sMeS34Ntk13oLsdzL3peorW2qKY1PP1tvJ8hoh42M3J,2,
8fVUv519b9p81AhvPTiwpLbNXduidbHuhKVMK15rp7a9,1,
CCrrz2bD14e6owXa4kZF5peGLg5q9JFHXn9YHc3YKg9t,1,
4Hyf79wwfhHWoanomFbuvcYEeRpbe67jxBMJ7H4spump,1,
6Km2je9yL99MzJ3cNkSAxe2aywmVhWsScww5MxufAaGg,7,
CEF841RXF9hXS7T2He4BPfjHdmLBgw1ZPcbyp1dxEjZd,2,
7tw4wmJLRwk1KabVwE6aVYHZPFLRN3ZboDhvFsbRfxVo,1,
Ax5b1fVcFqtCi8MJDq9ziz7UvqZ9BisDdnDtqJVN3R3t,1,
CrzZVV4DSqPQmqGQ129SToSNbCAkgdVx3MXEEaSc2ecu,1,
CdUD2epmNSk4p1yYMa6zNfpWbrSHYLZhSv1WLo9Y9zRU,3,
AoNkwApfUnERM6t3iEvCiUtyNebCnuFFk8xvY5EXEKQP,1,
9f2VueNUpvCn52nSSZimR3tKomwXJRoU8BAHWBuQ3DRG,1,
AJM2GnShSp4FS1trj4vWyMkmk4RYZKiuNvxV1V6Z2xPx,1,
9NRyyDnM2M6yCV3okTZXsiYnCuYCuhRZ6DX9S8SnDHaD,1,
GQkyaWVZ8id2jtEiDnLe4XMnmAe2u4uzBSPSPSdqJtm5,2,
3DzxBGeuuHuEK8TLJbZkN3QWUZD5oJ1PY89okMQjsN1p,1,
DDaW5ppzL6gdctX7oh8vhEmu85R5Ubru2B5kzcGy45he,3,
CKNLjW659im9e4SuyUC3LYnQtAoPjYY226iQoWfH8pJ9,2,
Ha5gjrr3mKPZr98pQpywDZLrjSdZPobFj26EMRJR6ihU,1,
25P6kKa8ACeCPPyCswhTgNWSgeLdQmPKxvA31c1obQVi,2,
B94T5UD7PxC55ovstNQ9WFqeTCXijw34xfKqpWuvb69P,1,
86FWCis17EKLZKu98pdga53XkJdTyXMxYT5zAMArsUwx,1,
2SG5HtjUYi7HPqS9RHbYhKNaL6SUyx5sSyYQ77tmnu9f,1,
E8f7XZQs1MMzWhMtP57yXM9Xfp83eT29B8vyQ7shF35P,1,
FcxnFt7xAGAT4CHiJhtmCbnuP7dwzCmMoM4CG6cDxMvn,2,
AQZd4L9SgSCYnyYRMaXyfrTbwwdwAhY3woV6ME1ZYmZJ,1,
GwAbkeDjaux569f1YFP2w84Giog3jV5sf51QyYLuhYzS,1,
CSjp9AaAAJqnZ773ZU6speGV5SqsAkf9iMjoTjeYfTmz,2,
5vpSPAQaAs8UDmSqRz6yvPo9cHGfFXyVEuxetbXc8v3p,1,
EmXmffZzu9gBcxpoz9nvSNvA37X5mHJssKSmMWZHW51V,2,
Fvin5dEEsj64hT3WvnEE7RTruzQNu39HGmrmVae3YbR7,2,
9AAJ6aq2TWBqNzKgeFm4NHMandDYihkGiuuhsFxccgf2,1,
CktRfwT3qM7shYUZ12RYn4GX91MGq9vgUchaKfYUnFmv,1,
FGYh1e3Jtqjif3ZeqSFGEBaQ2yKohc6S1v6U4NYzn1mJ,2,
24PhW7LVxcNC2JoWV5B4t5BooW3uKZCV4oWWRWV23Wb3,1,
CXWr5Hv9Fdfy8uD7pckYQ4LMeiE3U8PCpSrdzZoH5Mgq,6,
BjaphMcnLky5CFLkhAawmmPJ6Zy644rY19CgavRZBpY5,1,
GEzCN23h9CoBtmXWhKrSoBZuRJEuVVtj8NctrsmoYfsu,1,
GT1c3KDUd3JMbbSthm41DzoeiYCzxSot2HJaNSbZC2Ag,1,
FYNF7TTsLVim6hynRPujxGjKLesUSvZAvemxgCxDswTb,1,
iMBb6SEnHmGuaZrXn8A1hZC72DGUK8JioCZ6mAZXfLu,1,
xCGbuXqM46aX26x8LRErvCScChutCUVAU4ty7EdNqzt,1,
3Bn5yDy6s7jhBHnCsc87v9H8ifwQ1CAeCmDx3odiqtEb,1,
6A2ZebwNLCGrudRKQsVMpPKeKFg5B2RXzEYD9zjy8F16,1,
6mpRjRmQiEWTykWPBsBf7MeRwBF2q9qPkFf1BxvDJxaa,1,
moZCkjaMrXXU7Kq281Um3rdr8RzdBf5ZRRrujAzhoMG,1,
G8Zsu7q8dCueDTqLCV5VxVyyxgxMDGzGLeWkKhYQGBZT,1,
HLj5k66YMkdtc8DcNxD1zoXXDgmLYj3XKm8uS64obos4,1,
55VAJSwhb7SzRU3tuCUxv8H7t5YFNyeeo1BQ2wsxKYi9,1,
EbB1BrhiUf1r9NG15254n4Yfgn4TX1aZEvi2FQ3vuMxc,1,
BcdMUuwCasoy6rt8NvE62N2RveRpJ42j9a3JxPQk9YKg,1,
8ZKLaQ2LR4L15ANAXj817KaZENFFfxVNhxaQ9gsELF1D,1,
JHLAknCRV8XMBLuiM44723LQCfP5xGLDDjn6AU1P1vQ,1,
GgRibNBbAep1yg8aWzQ3JJgpod7eHn5EzB1PKQkvgM7t,1,
5DLjNbPi3BEibFnNMUbHHoSvcg2rvb63rtf4cymdnxQp,1,
6PFMyRnfgTrhB9RXzhPmMv1yZZL4nLRqT9bvwsziRZbT,1,
647wucntCdLMWWmZ5v36u9ZhiCbwN1a5QYd5pGTrdeob,2,
H7EiHTUFMZYTydqv71rgheD8fvaJaUiGBZYtzQALRJew,1,
2XWA6HBJ6kY7wdWtsr19ykow1iDQhAXBzfFFX2f5PnyF,1,
EdS6zizdPsGxchMr8k1ftdr9NWu36D9GppWEGEhRL6vh,1,
5VBJcoUX33qQdGyG7VuBRQAa3ZLTn51wopMuTQ9pmaHL,1,
Ef8v6L7duyhXYga6Mg4SmU3BN8K5Q7JonSSn8dYDztuR,1,
8fNsw2xDpvXNNEQx4T7RxWWZ1seWTmgYFFG5FtdxZVsC,4,
7YLjywhgdB1pYFX5FBUbRA6YNX5UbSj8HKVxAraLBmL2,2,
3hmnYZmFMqAce9qKDzZeJf7P98DN8JibtE6WzqTBcKZo,1,
5SsUxwou9qJMFdkvoAJyeoK6g259ffh4cV59e6XZM4wX,1,
C7FgA1wgCBKixHvfNXdSJYXm8urJuhSkosiDhUm6cVkL,1,
uexzs5ABDQzkuWvsfdZQYWEVaJR5D9PyjuBBqSt5azX,1,
DpurN91Cr9sK4u9dc1JGRXv321N6LQAjmdcmj9b3UKSo,3,
HmzUmGBBcdXNczkzMmCHuQWvGXFRBjdBpFq2DyNY8JZo,1,
BsfeDrGhGHmgpFLmuLVBbY2YPK6KzTUS3zzxnrrs5pCt,1,
AjkxGKBscCn4JPQBYRLnqjUsHuZ9diop2RdVFpe3Lb2Y,1,
BLnRRWkpxSSzrMmwhdMCVoFPbDYL5K2rWQdqbj9a7Acq,1,
24TLN65J6tGsk1xqFXXXJUwzodp59fhrVm5mMwSaoCJ5,1,
3yisq6zj6YwQGdSvnKHJHT46VUVmHxg4x1mb1KJCEX4b,1,
2wcdvkEbbPbkhqMLxCi9PT5uk4nnqADThADRMWEpiyDz,1,
BDR8qSg4D6Yeo5EvyhCv2hKzxRJQfC57iGVKaYSb8zva,1,
9tACdCcVsXYcbbCDRTirtSjMtCSpri3LpebUFc3DBUKb,1,
BjXTTaSCCLVHvvPUBRQRLakAGETE7TGcWdap8N6w4erA,1,
5KKBtHXbviaTZH4pp4triqFzewJV6pynfEtJN1yP2TxU,1,
Hc1he714USKYU15wdXYMFb7BqhxcnVXDkECU8A9enyXx,1,
6m2MJkHt77gqPqRY2KYCJ955hmKeNsYH4Sfa7iTwYUkC,1,
ASLTeGp3tLic6HfJu8dLT99wVtJC6fZrvBmYzWQnt16o,1,
CKweHes9jzXcg1wFUGDVR2P7mMv1ERtH73sq8xnYMxVn,1,
72eRthVyt2JwQPGn3DV7Ly9Wy4v9in5kCjadLWuu9fKd,2,
HiR6zH2DRp6nCDyTDPSPPQsW69nEMnb1rH6F4RyYAS8g,1,
2EBH3ndhXZA7iiVZXTFijmFL6eEwTE4BK5S92Rcu8EC4,1,
9oVn3nCUhy7NYgLD29J5iAVPzn6k1h1a9wNm8AKDVBxn,2,
4cVpMWrusT9dwLaCbaZEFiKHhf3iVcxK7UriU1ioiaNb,1,
FrqCT9NqLWGsR5SYo6p47MY3bGSCtxW4NgMRXTiiDXk4,1,
5iguKsV3TVcekbpNBngC1HkgsxYrryS4YXVJSVyTRrxW,1,
4Gy5bcCsy3pv5aXMbqwmMUkTdQNPrFXK67Tv6kq3hFMH,1,
AGzG87az4mfpR793NG2DVkiePD4PLvB9oxudUu3VaeXE,2,
GRQ5oYCSUL7QVnaZcVckEEc4KbZBpmKH4LJsUGsiLDJP,1,
FxC2mKbdgjMgGid5Pq2AqyKJvUqF6kRKFR2Dtoz6P742,1,
Enicd183RkmaEXcjyYZ1RoLjHXywaJP4vhioVdPQRdbZ,1,
EatZqDSqRsB7abJwcwazGtFu5hEHK9qphnj3kfhqEn6L,1,
ASt1Vk3o6YQJfw6sGpjPmzFudtEAToZ36L6AqciA8AVJ,1,
5Lht14p2V2sQhS5vz3wCnqx5zWBPpEAnUWReAvq3RWfo,2,
2h6ZkmBunDv9qeMX5Axb9aUwWcQHPkyrh4ZSL3aMsQ1c,1,
FBzNHwBey7AJ4d6UprZ66HMByRwg1qjuNkQQi8dxvdsZ,2,
J17sdP9G8NkQtJ8nRVDTKKqyPghxsky34TNdRieKbc6y,1,
93fsVjshWKkVsn1sdvtBnXwosX7FwzMNzYUq2N8LXtJi,1,
EmD5RhkHHevbujiwfxo95FxQ11fe92pAuqak6xQbdbnE,1,
E7eEGeGVbp5G3bhXfLHmJrGo3XnnitEAUyn8br75d6ae,1,
HLLXwFZN9CHTct5K4YpucZ137aji27EkkJ1ZaZE7JVmk,1,
3t9U23y2Wjzsicf63Fno96FFqyKWeRYwitZ2QxiMjfd2,1,
BDXcsSgCmvjArmFxn6PgQAGweUz68ENz2DFYUoTDj8BJ,1,
25sTM7p5J7sg8RsvAPW2xDHjxhQARtnYqG3uRaewsGPF,1,
BuuX1EtzQaow9ZBuotei2AfCHGcPFE5hznKXa6HsXQPd,1,
5GabQaQWPRgHF1yMqeVnAZ268Sg7oeSDwPUbPMSvhEyL,1,
7g3Lkwow5EYzn25GoPusgK4Yf5fKN7ynsd8CaWnqUbbx,1,
DYhyznkRUkhtJL8vyXFEmCghMiVTbUuZZNY1e74B6CmK,4,
6CtrTuNjGyPNnyBVTFjLHwQfsdDHr6zazq32ZYEQdiVR,1,
8kojtEcv9RBKcbDsodnfMqCR6GaTQ9QhqB2jDuSP15qX,1,
BjRT299ngX6NR4pg9prKNYDmfCkG3HLa4iJKm52fKm46,1,
8MHASHYvFxfNJBozc2UtXQ8Ctun9BhiZJhiBqkWLwgRR,1,
AmhQPnLyWYijS8VGByQsnFAFH9peuF9LxV6SeRXCSNX1,1,
aVag5MtkBbnwFSekoqsgEmXAFUuVGYVqcLFQEY9c1Gr,1,
H3jPC4P2sCi38UMHCMm4PFcE5mRgDUCjBmaLnbkMAyWG,1,
71fBrt38FY7bFffVYJZjeF2u2BYYGPE7miERTjwpKXtX,2,
CEZey78CE2dn2N2jZGPFWEVhL11aaeqNdkk41tGNGCkc,1,
2P1vJsn11qf29xzjcWY3oSTSEqf8AULsvmWy312RydM5,1,
H2b9eJdFN5AjxvuZn9HJax2AinAbS7Dwa1kSmDzwv8xM,1,
8FMvcbz3oC4zUabf6xyAZ66bC22cJq83QkFDQTsyJpfE,1,
BMZ3aRJcAhCvj4LcmLqgTDK4P9FBEQATYSweSZrXBsZf,1,
74v3sV1jcXmz6fKHyRUfL4MhnAbuX8RZcwmgBQLNM6WK,3,
9AuWeaPT4HBP4rXb7yQ8e5XMxc8aQGBhGB79exC8Nefy,1,
EEwxtEYuhE4NBS66EmfscQUWj9U7hmrzDfu2qna9t6Nq,3,
21KqtqBVw3pAyRr4nNUejg7dcajtCVMCN2iByfDY3cRw,3,
7dG1pRXpPcXAkzp68khM63cRcqGiAiJqt2vTeEkj8hwv,1,
EJrenckFuhPHrkgqY68BP1xzZdnCF1LAT6xAcY9GMTiB,1,
8Wkr3jAYrh2fhQBgJ2ekMj6yfVyXtCmBsSBhDPhmjuZR,1,
6FDr4u1itjLR69oMtswzARZvAyBBSejKBpbBT5fKHuhJ,1,
896Hhun9CmyUQt59FjKRckMVUg7bhz74ipZo2AszhKBL,1,
FYZdRSWUgh95A6RaWdLEqgeYcfXCKCKvSFHyXahQhA3i,1,
AQzr6dkRA4RZkyKEQ4uVGEAvZubSiYppwSFuN5nZkRAL,2,
8uNH6CWcZKst23S89KNh7jhAWehVmjp9NcC4kvASgmCr,1,
6x9hyGLjWTTia8EZB5at8Juj2yEMLc7aXv299Yf1uzTc,1,
CiY241tATeGCLzoquQQQMsjcFLWoa16ENDPZGnvwztGh,1,
6fVUncRPPW7oAXXSAUTpmw1nZZguXCFmZebzP1DkAEL5,1,
f82AG2smvzAMQwQaijtoAZW26Q9L3p24xxgFwwK1d9a,1,
3EpVYqEcEWY9N9w7J9RGxCkVs4bHGVDNAe8S93meXViZ,1,
AQJqtTJoZcqrNALkgqkjqFhnyF6mPNSS6vwdhcqWwrk,1,
Grawmyick6HM3K8T7vLeUAzAGcE9ku8wBGs734dNfMeS,1,
AspdeArj5f686peJHPyb1vgFJE171p2TRYv2J61WTXMB,1,
75SsftLVtyei8cdbPQyjGmEJuctZkPCKo9L3dcGbRPTP,1,
G9uoDLUqvgh8oGLYF1AcYAaHkYB3CcbhZ3BBpuhSNJfy,1,
4fiQHsQ9vZXwRWzKbr78vKwXgjoN1Q8drVg3kiJ97N8Z,1,
7utdUhG1XQn5MDbrDhnyFUXDxJwgT3cLyLmifVZphRyQ,1,
2rRtHZYGZgF5Xy4RvyuM5EL37gFaTK8tYPfZU1cGrXUz,1,
EKExYCyFcUQFBm9WtJSWV4xawBpEAHRR5tHPxHpbLpmE,3,
DLxkkyxBwsy6G37aruR91ZQ5qP2NsbQ9p6FqSXNFviaL,1,
98dLcuBwLavSEdce2Jb3jCr94m1tdqWjtExwAeUYc5uM,1,
EG1CpgJovpUvyk9b5cKm1Uzsq3c2wMn3pqsc632wg14f,1,
BQ4VEyVqyVYoKgVNRk7iebBXyN8z8iA5s2redB1dqVeJ,1,
9LGGEKRxCcofogY2wxYLqXAEuoAnQp27jbgdGQgJhmcc,2,
99cnVm66G2vjiGZjZke3bqdZkQJDiH6Xr85NiEJZFc6G,1,
G7DDZNm7GyoRnGJ2QHeaevDeGWMut5gXBLNK2sKWTN57,1,
8qZhEwzLgZwdmPmpoddY7KosT3bZTua5TGQ7ybzBt8Tb,1,
4ZuwH2WBJu2JATL6fitWsSUEC7w3AsixVJhJZWm6NJeQ,1,
FHjSKs5b3prDSZxFgEJvPbYE7AMhY26u1Pji91fXrZG8,1,
8DfgWW79KaANyqmpQhqJVrH45jgQno3pRzAsGECcVmTN,1,
J34F4kcfBP9yVjptXxMJdxpwTKUF73ThKCTxb4SaJCs8,1,
F2kD6xgsxtUmF5RDxK1dsjViwKDCjEwJ8gUJkRZgJ6NH,1,
AgwzWrhCbVDEf4pt9JgBW2YfaSKqGiiU6sQbK665VCmz,1,
CUy1c7v4KG7zjq2oAVAzQrmPYKakjRR5xEqMRjPz6rjk,1,
4iURLFJ67UC5BsjL8naYv8mf3a9t1HxbwZgV22EF6Ubs,1,
67zNcLTArRPcMJEh9bkLH7BkSrCdZ8zk9vrr26J5maYN,1,
EfViXQGA3wH6ysWz6GDTYTL6ZUrMwaDSEtgWtKkaBDhi,1,
A8gXWmRCAUp1bXNBMu5ijbYRWG9dgNg4JH2PnqoJfjCQ,1,
GBwhgAEYAW5Z8NAtbQMh79LenLLZptZGk1jiS3fEhhz7,1,
6gpAqyCndCS8fttUcAAwojSvLSsXpNf2qt2JapP9XSip,1,
4phGxsdgJQ9Sm6fZkizLQryVTi4LQysVCCbf1X1TkM5o,1,
7SYNe8fsJt2tnYp1XMZH91GHazJah81nnh2ZCJ4jYTcm,1,
2LYM7ivNoM2mGz8kZU4dyLQBXEGRJaEkdhzScbuF6g2n,2,
GLcm36ofWR3TMPtEqD7ocDjHuXzC6ft5vg5UgUWgveWn,1,
AMvAZ7Wr7KVxoXvu9oUhonStWpgbwoxinJRxW2ruDUfA,1,
9Mpz67Se58qYXkQUr4wPcCNzmHZLFnb3NBoXSWHRvjc2,1,
52AijWiDQifYVs48hvZNzzhYC78oQLAKfbfuGS4MvByN,1,
8Usc28TFHcgwbbD3hSYuav4wLWZnTDfAq8kGnb4wHgr6,1,
7tHjudSq7ZUL9rpQHNPvtXcPijs9fgJUoUxcQSYMX2ZE,1,
6n7CRh9tzvDVKjtJLPjpzApM7p7HgZmsPdUpzzX5s9CW,1,
CqapKvX55kqfByVpga8Pt2UnnPWeLTnCkpQ7HARPRN25,1,
FWHHnjqashFmyFXqwKwdRE1vET3XKrXH4xQHyV1AQyJV,1,
B2RsCA9dUXGVsqQtrsio2WpZ5wiaAvyFUYXipVrJ1XZ2,1,
4ybJUAT3hoBwNXG4Zkn3B1KwTuLmTQpiiUbeUe6CE9Cm,1,
B6tqrET4NzzovnQRJsbr8RDMC1NtWZr7V1KkdP8zs6ap,1,
HgXevcHfkgPW7cmZABE57BpcdqaQwtuwGtJmNmYaTHF9,1,
ENXsoqDLyqA4zjLngFFfmuWUDVmeX3jyzyqQXcpD6bdC,1,
CkjXkdTjUfbkyDQywrSNQS7F3mg7cxQrESzqK9wAFpnQ,1,
DkT4eqMwpUr2fqixzPpcXRL9jLx8kWJLkcmPmxPoSnk9,1,
9PN9UChfMKtPCxEY17bF4sLvpWBeepsBmfzJe5jSoSad,1,
9SBNtGTzbEbdCV8vPg1E6QjySJvbUUeHc8LLTev2f8jT,1,
6cEszvcxmjVAdmENMMEGbEFZoN1oUqHQGCJ34PoauMrS,1,
jda1nd1fseDUBqRV4XWmCWyZLpevUCZX5JAYJqcYhHv,1,
3idUohSg9w1ZwefV1G7oNnU4iPpzgQUrrjFBo4u5kktQ,1,
5iNjUBi6ArfuoFC8EA15Wi884EqCH4LwfDvJSEDzLS5h,1,
7epA6WZrqAqzdcDDsZ1vYfPGsGrzTe1mRVRSWLG73Ae6,1,
9LMrX3DmQTs9bjuZYrmoum4SY9dpgoE8T4aYQ3ePn6Hg,1,
BjHGKQdudHyVGCgCnebC8VVCjyaTz6889V1WkHxgXLo8,1,
4himbhyAL7KzaTHQiGNoqYtNZvBQ25tH6punnqDJzTH4,1,
9h59ik6gQYcgd5q1YNFSsbik5NiGXPgTpZu3ES7efDxb,1,
HoDrAxKfhNQzeGQbHz9RdWW68gaxReAmo76xy7CE6e59,1,
E4a4Mj8ceLPH19YXyzdExNcMvtov6P9c2CH1bsZm1Tos,1,
Bc6TNAPUr7fGvWt9ukEcVgy8GsUAb2z4VmExm5DxbCvb,1,
2BULwGHffhB661MyJCiWtYvoHJGdwcmKYgFrFpMEYL89,1,
BB43W2ykPqnakLnJxqNMvRKGsve7QnwQHyxqonBnAg52,1,
73dEZtvHTyHpnmsGN1HYJ5Bj7Dyfuv65EdNsu7Xa8gL5,1,
36zTGaaNpkUvmGUP2JtbkRCFCcKr9iRD1Hq35aE1JeYp,1,
8EkfV23o4KobxYJHUWJAhQKjiJ2zLewGCbdq13423Hvw,1,
8fRu3NKyJeBEroi2uExhAYxoQa5DvEDwRMfKWN93j1cc,2,
9MuVVbA5SNBT7TDFzSn53iyxnaMyrWnuLod1aSFw3Tni,1,
B9GvoKPUokDkpNajgHU9iXZXbwuztncqkcB49Fxv9K1u,1,
2Sc7rctrDvoQ3q9APRudtWccHbKZrsk5xhJVpE1BBGe9,1,
FuckUNZBgutHBUrUFsCYkKzUS3EQAAeAdJQAeeXQVk6F,1,
Axvg7txBYkb2TEeBm5xUytWZp7451zLqRx84g7WGBfNF,1,
8MgP9bbpqJc4z91MDgb71zTMLTkF6SJKkgQ9PS9Rq6bY,1,
7Tpzt3wFtq5kAgehinbSRaLP7UXFXxzP33FQq6VstgV9,1,
h387TbBf1NtUeiG53fdJjWPBqByUpvb6o8pxzSyH1Gx,1,
2VmTU4tUnvkzGDMUvqrGhYamEbtcestZyQKgCJp1LkHJ,1,
5ncjtFviu7HfcHq6uRJBQFMQo9n8nXR17pRuey5WBNwT,1,
HPWTUuWrjMrQgBAYE1gGerEdzU5UrLGvbwEzSsvxh96b,1,
4NPKoS7X6tAhRw8PC44t29phrwnNWikiG9sQbUHwbajD,1,
8a6Rvb8hXdRHEqMSDauTt7FQNCUJ5aDMQ2Li891ARfSU,1,
6BSVfM9gSkW6ZYZoAjG2mfnd1QtbT5P8dRkf3PftnaCC,1,
4Q2cFViqy8NV4JUei6cG3hr4eoUFwikK4DhezNX4VCeT,1,
2HCGvgEYnVQKQtWvWfcWYJzFxUDrAhaVg77C9hYiNciZ,1,
6i8yim2XH991R3WPeZyWfA8iaghKt74aRkzcTVTawtVD,1,
DGbqZ2Cqjn5M2qAj3Kpw9XTZDA3Wmbi236yLGnMzzMKU,1,
JpyhfeShLucjBgnw2s5DFNEs3xLn26rb2zYK6KYNJmi,1,
4djhVyvx4xQiEddgPfqDPBYLyzy32VKKF8YxanYSD67q,1,
9KK9wamn214mDbD5M5BfyKQ91PeQpRWjwcWB2E7evWYQ,1,
4HctiB5CXchhjZrjAS31dBb1atnZCTCXQRfEJA2rsVKi,1