walletId,nftId,group,type
4UoaSzgABtbHu5Vb7U67X8xmZtmHoun3kbkSQt7DK4AC,G2TAWePYGsfdioYhW3sTfeWuUmAMUS9p73kHGiAVarZR,1,nft
CrzZVV4DSqPQmqGQ129SToSNbCAkgdVx3MXEEaSc2ecu,BWm4RhoNDjkPQjN3yCWxRqNZFCLegjwjK5v1dhou9S35,1,nft
J3JQVpDzh1VSZ427M8Ptj8GLXAwMxC33E76Wfm79zEtV,Em4PrGvvvTyPpL4PQd2TckqWwRWK8qaodgNDTR15pdxf,1,nft
5qHLuhLx3hgXgS8w59eMH4LS8DNrsBNnZ5HfJdyAav3J,ECUmPTucgxyyzAs7Fi4RGfhNKSbivWV6reYrR8sxTb83,1,nft
3EpVYqEcEWY9N9w7J9RGxCkVs4bHGVDNAe8S93meXViZ,5FXyemYmKMWcYvLWWS2qdWvnGzJTASSKzgMo6LMtd65m,1,nft
5iguKsV3TVcekbpNBngC1HkgsxYrryS4YXVJSVyTRrxW,7miD9uUh6RA2jU7xFNzKVKysZT7BSiszDirz1Gp9GXWS,1,nft
C7oW83J4GS3NksqxxEZqkvFyJiJVWRD5Wz3tE8pY6GUx,CAxvFbST8ypVM6EpRVLpovNhmPbo19EAYscoW6fc4Ax2,1,nft
JBKVbGpPypVZwyFXK6jSWtG6qhw85VNgtNy29mUz3YhY,ED5QHkLYn13mZzXzRzZPyyDAtrRsHj222tNtaD7w7eez,1,nft
G2soNMKJJCVsszQFXLn5TW2Z9krY9Qt1krH2iToKpsAe,Fcyo22xd4Qd28RteAM1AoBrPeSPo9xLU3oifyRMGVt9U,1,nft
4dBNn8t3EHn9fpRAi1KTysSfsrNkw4kr1P9ACqfcQDYv,GpY5PXAtDRVJ4Vb3CnxAJzjEHaG5UYAzDuTK3phhsfe5,1,nft
GLcm36ofWR3TMPtEqD7ocDjHuXzC6ft5vg5UgUWgveWn,3szvwU4xKcLYaRL4uZGCAZJjkeaPXsKKzdBEDMQ7Zwyf,1,nft
25sTM7p5J7sg8RsvAPW2xDHjxhQARtnYqG3uRaewsGPF,6zUmPbbeZPjCsdrYQgkyhy71wHs5eV3K9JnRduXnV4aW,1,nft
GwAbkeDjaux569f1YFP2w84Giog3jV5sf51QyYLuhYzS,AvjgaStRt25pc6pdFYyHnw36GHjAe3HJHLbBQaQzjvg8,1,nft
CCrrz2bD14e6owXa4kZF5peGLg5q9JFHXn9YHc3YKg9t,Bp4PTmcfgpRcieCfifL4uiV9VBCDFRZSdLP5Bbe8QySr,1,nft
CKweHes9jzXcg1wFUGDVR2P7mMv1ERtH73sq8xnYMxVn,8Hmu7yHFQbiunsCbvofhGcPJscah2VcXgU7LVWkpmuYG,1,nft
9NRyyDnM2M6yCV3okTZXsiYnCuYCuhRZ6DX9S8SnDHaD,BM3iyM5xZQJQVsyMf3VHduoCpenMX858ZbN82ps85Ea6,1,nft
8eoq3HYPrn8tPJze5QgAC6zr6dAoXJPyzPHn2cyHnCej,DZMp524pKtbdi17QDQXZSw48btQfVCqGzEpiUA8Yp6Dp,1,nft
7QLh3UyTXDhhgqsPp1geFenB7ehC6krMx8z2gUqNrZAh,DBR317NdPHXQ6yT7BUhx6TPQEH4kT58CnpKW58bfnp6i,1,nft
E7NkNZ9AK59xuFcJqfLiWBsgiq9ugpprVckqspuc34tg,H2xce7gN64JqrF8iSdn1J5mMpBwW8L81EGyYKq7Ljxbf,1,nft
2EZmUJuoR3516R2Ba9aY72KxjVou1fD1HyQKGFbmun9y,ENpPUhjHWW5BmEWb8srFBJuaYjCcc4L9TwKhwQS1GXUv,1,nft
5v6ir9kLoFry8rh9tSBydyKZAWycCEqBFvVWrNQTDa8K,H7tLXVTcsndK4X35EcGYs8urpY7eApZKgyTmP33D3LzR,1,nft
CwGecEMRtia4TQRi3mAEnvnDnud4KdsnfuX88mmEvhCV,F1W9MteLC9Ay1kPAMHjgJ2ZzCLb64C8RAo9ZpSDPJEi1,1,nft
H2b9eJdFN5AjxvuZn9HJax2AinAbS7Dwa1kSmDzwv8xM,6Ssd7nsbVHSmXNW3rv5gdNjFSPEr5PLZBzk5SscFXWS5,1,nft
BLnRRWkpxSSzrMmwhdMCVoFPbDYL5K2rWQdqbj9a7Acq,97dqJnyLYVVjV6YxgN1BJMvMgev131CMVeTkEEo4X4s4,1,nft
JpyhfeShLucjBgnw2s5DFNEs3xLn26rb2zYK6KYNJmi,PJDcLKPkuGHCyNFhbSFP8Z41UjvaAaM9yPw6F6kg2gr,1,nft
FJTfzvsbahzLYtcDxiCVzYe5E2XHsREL84cv4mrXNVAC,EQ6Z2pt77cC8XLwF4h9ByqVWV6NDrC9tT43KyYnf2r3b,1,nft
FJTfzvsbahzLYtcDxiCVzYe5E2XHsREL84cv4mrXNVAC,36Zr8mpPpdqMVPEdZopkKipQ2hnZoFiUwhisXd3SaZVA,1,nft
F2kD6xgsxtUmF5RDxK1dsjViwKDCjEwJ8gUJkRZgJ6NH,4Gzu2uzcZPu7ySbxsm75GKuAeSbrFum7SgykN83gA7h5,1,nft
DpaWgh3qHQ8SXVpxC6K14DcZm1ZyMpbFrJ1Tk2ycrQPJ,CoYdU5YU4J6a2K8Fv1z7QTxgZY2kYbZEan1e97QuNSwF,1,nft
9brJJhejx28m9X181pVohpJALARfEahq5KAWnX9ZZjdX,FGomixEF6h2hGEo8zBrQktuvW3uTwoMgHvBibs5tweYg,1,nft
GftjMawt5PzoRToAXJSpwB4zcW1qmjs6MgRXX1Vje6CB,GGv6ej7UfbeerJq6h66HKnCJeQgTT5cTk44pyxUQEwjk,1,nft
BsfeDrGhGHmgpFLmuLVBbY2YPK6KzTUS3zzxnrrs5pCt,9CYaTM2goc8A6pWF6Cxkqz3Voe4umJPizycWV3fduyXV,1,nft
E161YZCXpwT9mXTnpd8BfqhZLNQZGYRKDq9CJwn9hWaJ,GVBBMULF5S3dRzRKfJCwFosVUez22gETxhTxXRQknAxj,1,nft
CEvZSadr2iHriujwWGPtYEwL6G3ZtcUL3ZaEkDgEaa2r,HPA9Nf934YvhdYRuM9zUiybBvxBsDrAmUofASSWSKZUC,1,nft
67zNcLTArRPcMJEh9bkLH7BkSrCdZ8zk9vrr26J5maYN,47Hp7mU9Ud1CkXEg3jJ2XHHYPAauNYyz87N5SgYBQx6b,1,nft
FHjSKs5b3prDSZxFgEJvPbYE7AMhY26u1Pji91fXrZG8,4MJWZast7NUKqg9EmR7F6MFyJqXtyZFbaXKPT7JAJ9KA,1,nft
93fsVjshWKkVsn1sdvtBnXwosX7FwzMNzYUq2N8LXtJi,7HpVRYu9HvxY72NQHFRKmny2i9bXUZNinFm2Nx7RCyyc,1,nft
EJrenckFuhPHrkgqY68BP1xzZdnCF1LAT6xAcY9GMTiB,5xufCAy33U4CVGrqguNsM6Ti3nSk9kA3BvgyxXyZionZ,1,nft
AXXUgjD21L6576drkHZDmTAz74QMF8qfeFjdHwqh2kYs,FDqgXiXKiP7SLk3BgJfUhp6GMuBpFUNTgehMkqY1yyZK,1,nft
5vpSPAQaAs8UDmSqRz6yvPo9cHGfFXyVEuxetbXc8v3p,AtomZXwPeBuzzVvDJnygb3CivokTqXbM6KDgiNQ1UrnY,1,nft
Hsmk6oavwTk6BtKvjEnwSgK8SW7vJAj7d4q787bffLC5,GEvDNKJuUEm2dyhiRFUUEdF3BZBBaRRSKUKXFogkpyTH,1,nft
DeVgnpVYatEh1XsEB2eNsDmg5YJbH9ozduiYgj9gWcHi,Eb9GEQohWXWxMqGkpMcYT51HSK1j9LoXP8VXs9YuXP95,1,nft
9Zq3fX9vuKebRonGkMXnhN5Lend4FHDAG7mnjnBrBW2v,G7ay6tnC4uHe63r392U9ngfG1ABKbhiJqzhsJTX39Uud,1,nft
CUy1c7v4KG7zjq2oAVAzQrmPYKakjRR5xEqMRjPz6rjk,4C52fqF888L9dgEgyaxzx2NX6oc3XRDSoBNSkor4KcDa,1,nft
8MQuZQ1KkAwd1L4brHvDHp1X4XKGgp7hC2GG1TBtWm7A,CBdfWjmuAxJQQVuXSRLLMAE1uCsMMw3K98rknNw3MDrE,1,nft
7sw4oe7bth6iRGyToBmrAb4AvXeCcpCi4xG2uhKnBeYi,EdS9YbjM1CzufezuG3H7xk36KW4xCZieDkscL3sqN47M,1,nft
HPWTUuWrjMrQgBAYE1gGerEdzU5UrLGvbwEzSsvxh96b,uzBjvaLZVTyKxsxHYTdsicKAKdhyjTJweoXAehLT4Ko,1,nft
ASt1Vk3o6YQJfw6sGpjPmzFudtEAToZ36L6AqciA8AVJ,7YE8UmKMuW1QA9mpuULP9upR315H65vpPirJZE9EnkjF,1,nft
EqLFbB3siaf9dSd2UuemDDbEhNg9KBfqKzE4erQCi956,CJvUzqeh8h1CpsHevJegD8GtGbHwxh2FPfKJPUEsdY49,1,nft
6i8yim2XH991R3WPeZyWfA8iaghKt74aRkzcTVTawtVD,UtxaSkN5HGfhbsW4pddGKNMDcwtsdVsHFwZ1bKTXoMF,1,nft
BQ4VEyVqyVYoKgVNRk7iebBXyN8z8iA5s2redB1dqVeJ,4VFtGcNJ5QQ8wjFCow8riZVaYeyJijQVBfL97i4d7abH,1,nft
8Usc28TFHcgwbbD3hSYuav4wLWZnTDfAq8kGnb4wHgr6,3qz3irCqtzb93Xz5uo8BngHJBVg9XRdM6PnnF9Cr5Jph,1,nft
CkjXkdTjUfbkyDQywrSNQS7F3mg7cxQrESzqK9wAFpnQ,3DJwsRw61goKxsfCeSeE2wjQw4xrmCenb65ZWu4qS9dw,1,nft
8EkfV23o4KobxYJHUWJAhQKjiJ2zLewGCbdq13423Hvw,2M3n2yhdF8qkzE6ndNbcwacA12oPqzrjn5H7RRNagkWn,1,nft
2BULwGHffhB661MyJCiWtYvoHJGdwcmKYgFrFpMEYL89,2PquyA5ZJwyocGCnobmZRfyYRtuZ8ARompQYeA7iTbvp,1,nft
GEzCN23h9CoBtmXWhKrSoBZuRJEuVVtj8NctrsmoYfsu,AePc5ZQfQUWBrNeAXfojkHuq6cou9DkhmUfWVDNhk8Vk,1,nft
4gYxbsuutjw2aY6rgbh7VXdCa5wGDkCHS7rPsTMnp8xM,EzXpvYa1Yg3KpHu7M97eJYxDPreAuiEKHzLWe864MMzZ,1,nft
5ncjtFviu7HfcHq6uRJBQFMQo9n8nXR17pRuey5WBNwT,wHrsquVMwea5m436oQ63FQEDsJBb1kcfSTFp81aXEet,1,nft
8b4WNbU3fpu2dnSRuatmPcXRk535bJxYMiPsLtAA4ihk,FdinzMVLnGKoymiMZxbJAwxvSKeUHUPh9xTSdbsMyfop,1,nft
FrvMeQPnwfwxkKVs4G6EfsVdF8PFJMqd8sP41Xbk5sPX,HEHXA1ZZhy4bp4WmqyHxYWaEiZbhHy4c3Zwdsm5NAmH4,1,nft
9CfUG2RQgrEtMwjVs9Dt15GYYwepyCQPJXhKJvk6Du7o,GAVZcJY9uT1zCmB3YSPyCPLNN6WtQFKaPgsZBYHc32sd,1,nft
4djhVyvx4xQiEddgPfqDPBYLyzy32VKKF8YxanYSD67q,GD92PkiBYDtnDZfCMkvK1Tzchppnfx4YQ9f7qU431ry,1,nft
xzFZoh5D9Ahq69J2BVpsd9CAcftdc16KqTTG5wBuax8,DVsTS1Z9rcX15AQVZ5XPXWz8opfW5TBeCBtWzcVReQic,1,nft
7KMYy11BCShBzjc2S1Xd4VLy8isZqZPon8NQTxvLuCmN,FvLEujcj45WWasqjvH56fBuoF5PrbXeVUpmDdxJUukx7,1,nft
6CtrTuNjGyPNnyBVTFjLHwQfsdDHr6zazq32ZYEQdiVR,6iCfuGcJqVf5nKKpM1CVL9Dg39EeL4zx9DZD7jAJnpQq,1,nft
2h6ZkmBunDv9qeMX5Axb9aUwWcQHPkyrh4ZSL3aMsQ1c,7QoBNXr1AbvNoqMQ1zRoT2YatUvg51ju5WDUfYrb5C4Z,1,nft
86FWCis17EKLZKu98pdga53XkJdTyXMxYT5zAMArsUwx,B8ifR2m5zoqAbjxkaWAvJaGR2M62QBH9jf3tiWWXne5B,1,nft
8SgVBJqUDqhcrC3gTHbbBtrHnqZfz2ivHUkeyE1KNH58,DZV5vZiAGTYNtb8yBfTcpMQjA4NtXSaGZqhHVe65FBzk,1,nft
4vyXhJf3r1TbbS8kfB4Ch2M8vVCovBjVTuHpDVzBpzeq,DaAtPWDA63pnxZZhuKuM53GuHKXX9wDxkRocBbJtQqap,1,nft
9f2VueNUpvCn52nSSZimR3tKomwXJRoU8BAHWBuQ3DRG,BP9EpbGmvf13gddDLapzPTWYAP3mejhvzwij5kYKKsNh,1,nft
4sdNGggVzJDZmL8WMKVgsyDLMDh3dJ4zxoBbeH2AUvgv,EvziFPpfqbwejaEqm1sAFgpa9itYBAc3za6esrKGsynq,1,nft
6BSVfM9gSkW6ZYZoAjG2mfnd1QtbT5P8dRkf3PftnaCC,h3MsoQUzvE6ei6J5qXPKxMAPZH4Youz5tTJAATzccNt,1,nft
3idUohSg9w1ZwefV1G7oNnU4iPpzgQUrrjFBo4u5kktQ,2trLvdi2GzMNfHuUDut4DzeZm5Z7FSuoScoS7hD7Ju66,1,nft
GC896fz61fGm9dK2sshccr5hBmCwEZkSrQgtnJ4Jxsmu,GKLiko9Uyf18gawNj2zW93AS7Dboa7xKcXfPwazqndpw,1,nft
5grJXKe6gxBXyTZG6os6BBJ4YoSLcZmG15x6U6ATxABi,HN8cM5wLcHACdaKTbSsP4Fabtuhmvfh7nTJHbu9q87fz,1,nft
75SsftLVtyei8cdbPQyjGmEJuctZkPCKo9L3dcGbRPTP,58crN2ZCXTyFYN7hcADHd1hg2z8ikAWRmZ8KDeBkPw97,1,nft
Hc1he714USKYU15wdXYMFb7BqhxcnVXDkECU8A9enyXx,8TkEKYTtjCVwJnvDrhwSuVdeu219NgZhWP1hMudU2ASX,1,nft
GT1c3KDUd3JMbbSthm41DzoeiYCzxSot2HJaNSbZC2Ag,AcsVpqDoCWsLWjmWWaSZPAdxHMLmxUfV9FL9DGXKeEVQ,1,nft
D4MWjwSmU25TQqMEvHjnTimcuJTpRbShVCEQcq36haYB,C8xL4Zb7vHSnb2BPBYFy8yDRS5YmxtstHNsAbjTsosH5,1,nft
7Tpzt3wFtq5kAgehinbSRaLP7UXFXxzP33FQq6VstgV9,288H3J8qCmkh9xDorZJQoAjt9hFMfwGaFLwXaf3Eo1J6,1,nft
4himbhyAL7KzaTHQiGNoqYtNZvBQ25tH6punnqDJzTH4,2d9Msjw23bK4WyzLbr4NDaKBPHJx7XfmbExXHjWhnma2,1,nft
9LMrX3DmQTs9bjuZYrmoum4SY9dpgoE8T4aYQ3ePn6Hg,2gzPmTxLfgBNSwA1XEt1p8PRVTwa3qe9Q5RKrkM8i33D,1,nft
3hmnYZmFMqAce9qKDzZeJf7P98DN8JibtE6WzqTBcKZo,9RPsAK1HWxmjW8erU36iN6JVaiw8WUZcvpcVMsYRA62A,1,nft
HfmL6ZCfCNq5zTSjazXnMdALoLayWSQsUkZPmjVf36LK,CtM3JCALgxQ4b1kntkiQrKY9dW74V1vywdb6LBqGwGDm,1,nft
BWh3hPWKENccHtWr73mFurVAuD3x27n6VbRUWF8tCnDA,EwLypgdvoeqGPwuZtZdhj4AuzaCvfowGbackwgAFc9Tg,2,nft
BWh3hPWKENccHtWr73mFurVAuD3x27n6VbRUWF8tCnDA,BgzwF5GXdFemRWYdt8Nt5VPfx8FEeyzvfnbNYgwcKk4n,2,nft
BWh3hPWKENccHtWr73mFurVAuD3x27n6VbRUWF8tCnDA,AbKMQLuqwRfFKodxQe28oVasmBHAg5WzygennmNHQx8x,2,nft
BWh3hPWKENccHtWr73mFurVAuD3x27n6VbRUWF8tCnDA,B5vdRyNQarRrFnayxcMH5gAYRgcAjRUymWWXts3x84EB,2,nft
BWh3hPWKENccHtWr73mFurVAuD3x27n6VbRUWF8tCnDA,4Q8WTufte8cB1kHDHJg7TArzufbEJRvscHNxMNo6Rds1,2,nft
BWh3hPWKENccHtWr73mFurVAuD3x27n6VbRUWF8tCnDA,4gt4cBsKGDDpX6tKMmre6G2czV89pB6yRpzYSEuPTXhV,2,nft
BWh3hPWKENccHtWr73mFurVAuD3x27n6VbRUWF8tCnDA,AyCEXNJCTVcLGJwUjxfU3shoVCQQpiLnrFFWG9SPduiV,2,nft
BWh3hPWKENccHtWr73mFurVAuD3x27n6VbRUWF8tCnDA,57vBExwD3Vdw9igQqsua3dRAfLGaznxBjrwhhno962W8,2,nft
BWh3hPWKENccHtWr73mFurVAuD3x27n6VbRUWF8tCnDA,6UqYkXgzh8DFBJnZ66DTx9whLFgRUaBVJjYFiFqzPSvM,2,nft
BWh3hPWKENccHtWr73mFurVAuD3x27n6VbRUWF8tCnDA,4nedKhhpqWuJPQ5F4REoWe4KYx6CWCFgRf1wFzeB5Auq,2,nft
BWh3hPWKENccHtWr73mFurVAuD3x27n6VbRUWF8tCnDA,4v66rUoHDhHnPkfDnMUz88cy4utfHqxu7WMV9vYwmyK,2,nft
BWh3hPWKENccHtWr73mFurVAuD3x27n6VbRUWF8tCnDA,5s1n2Wujo5264qCoFPVDAutLSfAWTvtEc1CbcFD7qUm8,2,nft
BWh3hPWKENccHtWr73mFurVAuD3x27n6VbRUWF8tCnDA,5riH4y2cE1gkDcqJMUW3rnmgmq8kbrcH34NFKz1BLZMP,2,nft
BWh3hPWKENccHtWr73mFurVAuD3x27n6VbRUWF8tCnDA,95MxULscptMEeBipG3y5ezktfzg4k6T5ZzGjYCEc8eEt,2,nft
BWh3hPWKENccHtWr73mFurVAuD3x27n6VbRUWF8tCnDA,946p3oLeFWqv1GwmK5Ha9jBiH9DhZu3gKQmYRfhZxYQC,2,nft
BWh3hPWKENccHtWr73mFurVAuD3x27n6VbRUWF8tCnDA,8adrUgAF6w3yRjK9DoVw7XNzrfjdLxHqbrtK1vpU6c9y,2,nft
BWh3hPWKENccHtWr73mFurVAuD3x27n6VbRUWF8tCnDA,6HGm9HYJtjgTxiixxThbDewomrgewwCgMitBZmSXDAc1,2,nft
BWh3hPWKENccHtWr73mFurVAuD3x27n6VbRUWF8tCnDA,JCxzHME3gmz8jHo4Z3C35nmxsojqzjmXXJAW7UGjckKd,2,nft
BWh3hPWKENccHtWr73mFurVAuD3x27n6VbRUWF8tCnDA,DSRMVtMeuFxG39vbF442q1kk5j6XEz4VMRbNeEtvQNvF,2,nft
BWh3hPWKENccHtWr73mFurVAuD3x27n6VbRUWF8tCnDA,8ZctfE5oj6jkWHgzNvJr1opLSNboZ5nX2d7Z76CdFgUb,2,nft
BWh3hPWKENccHtWr73mFurVAuD3x27n6VbRUWF8tCnDA,GmcFv6C7SNe5syCZZ5CorYpNd29Yax2C3whN7kHYMggx,2,nft
BWh3hPWKENccHtWr73mFurVAuD3x27n6VbRUWF8tCnDA,CNJVpzcy88dbCJuZH5S6h34fqWwvAhhazgndXZrrDwnd,2,nft
BWh3hPWKENccHtWr73mFurVAuD3x27n6VbRUWF8tCnDA,D8qVsss85Qk49HQknmENeCAVG7eRCtCDdEbbsXr4nMKT,2,nft
BWh3hPWKENccHtWr73mFurVAuD3x27n6VbRUWF8tCnDA,7uWSCd3SGkCoS7YH85FcW6PXzSZdDdQp6FoZN7dRbeN4,2,nft
BWh3hPWKENccHtWr73mFurVAuD3x27n6VbRUWF8tCnDA,247kc5bTqDooTTGNscYs51kw7z24J6bCni4xfJvok94s,2,nft
BWh3hPWKENccHtWr73mFurVAuD3x27n6VbRUWF8tCnDA,89fqGxuwmHj9FCKnnwbyKmoreyqqEi4F47BJb2qHCr6W,2,nft
4Nk37hHNqDHwgVbJJ4MhAnig8JbgGxWsAQZkccR13qgs,7YhY2V3pXHpzep5KMwRxRaUuuzD6FZFpNLathtFLoMpo,3,nft
4Nk37hHNqDHwgVbJJ4MhAnig8JbgGxWsAQZkccR13qgs,JBUWbfZeyxsoVqAk8rasUVUZUDpYtZoiMS6QUX2dcjcd,3,nft
4Nk37hHNqDHwgVbJJ4MhAnig8JbgGxWsAQZkccR13qgs,5AUazjVpy4fjSRMTvrqDzEbjaqW8hoUY7tRdj7YsenPG,3,nft
4Nk37hHNqDHwgVbJJ4MhAnig8JbgGxWsAQZkccR13qgs,ErgC9meGFvDmU1n1tbdLXQihPpX9bJgL4No2NKgM2whG,3,nft
4Nk37hHNqDHwgVbJJ4MhAnig8JbgGxWsAQZkccR13qgs,DKQ5tdjXtTEjrMLNxMYcS36PUVyaDDxSEcUXhzecVPgE,3,nft
4Nk37hHNqDHwgVbJJ4MhAnig8JbgGxWsAQZkccR13qgs,6ADN39Kks1G7RogsuJwJVNN7SQak4y2LnMWzBjVccDDU,3,nft
4Nk37hHNqDHwgVbJJ4MhAnig8JbgGxWsAQZkccR13qgs,EGzQt3V3MCSZCvu9s1FcdS4xH92ppaNZgbFPtaS9rW66,3,nft
4Nk37hHNqDHwgVbJJ4MhAnig8JbgGxWsAQZkccR13qgs,FWT23JkF3JAYPMsihhUQSSYpukT2DyXc9dE4hz82foFs,3,nft
4Nk37hHNqDHwgVbJJ4MhAnig8JbgGxWsAQZkccR13qgs,6e1ktLF53SYY1zC2qnSEbikqWuKT7vVy8WsjN89htxAW,3,nft
DBwA2hgSGY2FTCohwfDSMN4v446v5yrMK7i3ntHuJdZS,3rTEM74t2KEyg32xbkh4KRyEs8QCVk9H4xaPDikhUnYU,4,nft
DBwA2hgSGY2FTCohwfDSMN4v446v5yrMK7i3ntHuJdZS,C7WD2xgvvKo8aF9wqr7UkrvhaRdhgsyfU2QhpXonmUxa,4,nft
DBwA2hgSGY2FTCohwfDSMN4v446v5yrMK7i3ntHuJdZS,6NYym73QizYp6NMZuwq2DPdNJ4d2wTx8PSxAWb8htpqU,4,nft
DBwA2hgSGY2FTCohwfDSMN4v446v5yrMK7i3ntHuJdZS,6rHnwpJ9HETMW8P29qmoag98aT7BuocGB8DUBaCzxdA6,4,nft
DBwA2hgSGY2FTCohwfDSMN4v446v5yrMK7i3ntHuJdZS,8REFMcXaAZit2jwQggRy3FYGMUQsXGyLQPfizANhbhik,4,nft
DBwA2hgSGY2FTCohwfDSMN4v446v5yrMK7i3ntHuJdZS,EsKSt5iQN3VF9mfcG7isXRPAC9FQZTNF9VQ6iM5JpCV6,4,nft
DBwA2hgSGY2FTCohwfDSMN4v446v5yrMK7i3ntHuJdZS,FaSz6bZJ1SfM6iuYVGChu1P21FE64ifDC2RttHhDcM5,4,nft
DBwA2hgSGY2FTCohwfDSMN4v446v5yrMK7i3ntHuJdZS,2VvQVer2Y7QTyDMEyRQwcFfPJ1iVm7x59FKTHi36uJxd,4,nft
DBwA2hgSGY2FTCohwfDSMN4v446v5yrMK7i3ntHuJdZS,B9sN5pw1WeM3Vd5PoVoosgmmzgcGk8ccfk9ECYRs6q35,4,nft
DBwA2hgSGY2FTCohwfDSMN4v446v5yrMK7i3ntHuJdZS,87Rg8R2r5dJKFUmV2ojCzKBTEetoeugmC44azzCPbVys,4,nft
DBwA2hgSGY2FTCohwfDSMN4v446v5yrMK7i3ntHuJdZS,EERQ8PFZHGTTahx6QjPHeG1ufU5YuSwkysCvqjz58tEc,4,nft
DBwA2hgSGY2FTCohwfDSMN4v446v5yrMK7i3ntHuJdZS,DduE6RH5JXuUQ7UKdpErnvSwPwcQxhqRbkmohdqf1VBi,4,nft
DBwA2hgSGY2FTCohwfDSMN4v446v5yrMK7i3ntHuJdZS,Eu2J9pwo3kNgbS6UUjHHoi9mtGCbGLFAHtrYHHUC9SGj,4,nft
DBwA2hgSGY2FTCohwfDSMN4v446v5yrMK7i3ntHuJdZS,86i7NvcqptPyUFACg7Rb43kaFSKdSiWi27EjCHXouiLJ,4,nft
DBwA2hgSGY2FTCohwfDSMN4v446v5yrMK7i3ntHuJdZS,GYaQVTsV5T8f74nW2mvfTt4ChLhZWMpxTCzyNDTHGp4T,4,nft
DBwA2hgSGY2FTCohwfDSMN4v446v5yrMK7i3ntHuJdZS,5VWdAg6cXvBVrhJUnQz7QoPWWTxN2mdcZy5y6qhReCR3,4,nft
DBwA2hgSGY2FTCohwfDSMN4v446v5yrMK7i3ntHuJdZS,Doe17MeM3MaHqhSyZb49Z1vbTxvZgswmrJB2cJKqdN7e,4,nft
DBwA2hgSGY2FTCohwfDSMN4v446v5yrMK7i3ntHuJdZS,FpgEy1nTUJHjyQvFgxtMefJJGk5XBvmpAxucubbPeDbc,4,nft
DBwA2hgSGY2FTCohwfDSMN4v446v5yrMK7i3ntHuJdZS,HCd96Q8Bcx3z9VusQfCjU2F4NNcPA8RbdcGsowD2A4XK,4,nft
DBwA2hgSGY2FTCohwfDSMN4v446v5yrMK7i3ntHuJdZS,2nuJ5Bx7CgyAHuD8dcqYWoYgEao4QoeuaBENV3gjaJSV,4,nft
DBwA2hgSGY2FTCohwfDSMN4v446v5yrMK7i3ntHuJdZS,8FU5yUJEyHJtPURZHucgBF4zQc8c9HtzLX85nD2UfK8W,4,nft
DBwA2hgSGY2FTCohwfDSMN4v446v5yrMK7i3ntHuJdZS,GxdSVnDpGatyBpFT8C6K3fzskK5RmNzAHm6hrcYjppSU,4,nft
DBwA2hgSGY2FTCohwfDSMN4v446v5yrMK7i3ntHuJdZS,Dp7gEBYoTRQ64dpTXWgJAZTZaqrZR5LYpx6zmqyP6wJd,4,nft
DBwA2hgSGY2FTCohwfDSMN4v446v5yrMK7i3ntHuJdZS,DYjW9JDKat98KeNJbcZGtsB9cTM6DwqAWW8LuduAda5X,4,nft
DBwA2hgSGY2FTCohwfDSMN4v446v5yrMK7i3ntHuJdZS,2HnMgA75tvsgPFmWAZDnea5bhsA1DqswzUid3ekfRsmA,4,nft
DBwA2hgSGY2FTCohwfDSMN4v446v5yrMK7i3ntHuJdZS,4PUH4K2WLcreJSaCuxeRpXdMwEJcTzCze5uK1PHCPkh8,4,nft
DBwA2hgSGY2FTCohwfDSMN4v446v5yrMK7i3ntHuJdZS,5aGRJJYW4vYGhy4noiVrXVUwvLubagTDSJ7CYjN4KZwu,4,nft
CvDRhHweLn322NWp9Gf1fmmvmqPB4x7n72NYSKG4BzSX,BPdFTSNox1CcXAeJufeXRB8BMCF9qRnTLFqC1wq1Lbg9,5,nft
CvDRhHweLn322NWp9Gf1fmmvmqPB4x7n72NYSKG4BzSX,2VbwEfzAeoyHXWMguxNV869FVA7Dj25kvW5CuL2R6aTw,5,nft
CvDRhHweLn322NWp9Gf1fmmvmqPB4x7n72NYSKG4BzSX,CEEGM8zobsTQsEegcsCjJaHVFtyjCofGhZXfV3LvTgnb,5,nft
CvDRhHweLn322NWp9Gf1fmmvmqPB4x7n72NYSKG4BzSX,G6B3tNe4Zr21cD4EDAq69XNbxhZb4i84CXSsdh5RzXq9,5,nft
CvDRhHweLn322NWp9Gf1fmmvmqPB4x7n72NYSKG4BzSX,ADXEEtenjbps7FFZTK8VmCZAHGU5wsuCjZzAkLbiacsz,5,nft
CvDRhHweLn322NWp9Gf1fmmvmqPB4x7n72NYSKG4BzSX,EPDwHC8Lr3rXfgJzpaxUuYwb6KHRfMcywVTA1162Zbjt,5,nft
CvDRhHweLn322NWp9Gf1fmmvmqPB4x7n72NYSKG4BzSX,CMzEe4Bcvr2qjh1UM4jU5izR43Yi1j7rV7Hrgj9iozNX,5,nft
CvDRhHweLn322NWp9Gf1fmmvmqPB4x7n72NYSKG4BzSX,Ei3m8Z7LcMPYCjgujBdxdTUiuk8BXCQgA1XAuWvj1YM2,5,nft
CvDRhHweLn322NWp9Gf1fmmvmqPB4x7n72NYSKG4BzSX,BuW1ErhcfiQAMUgvVUpbpxiENM4p3Smy7oDiWEEsDXWT,5,nft
CvDRhHweLn322NWp9Gf1fmmvmqPB4x7n72NYSKG4BzSX,J5TZ1sA4ieBVPCq61HrjQFon4EfG6zbKAXvrngKUTwn1,5,nft
6simnhyU6YRdrmfuPhwBuAz9YwC4MscQjavuSDe6nCjT,9yxekdgb19CrMMwCLDFAyHP6z9qPthHra68M6vocPnQR,6,nft
6simnhyU6YRdrmfuPhwBuAz9YwC4MscQjavuSDe6nCjT,2XRzZyzRYTwUDNkeASzMxtRkZfGgqBkedHL44unUmCZQ,6,nft
6simnhyU6YRdrmfuPhwBuAz9YwC4MscQjavuSDe6nCjT,CLydXFgfH8A1F4jt6LddhCGPN7coiqFcfYmUA6pYEz48,6,nft
6simnhyU6YRdrmfuPhwBuAz9YwC4MscQjavuSDe6nCjT,8AFHp8uckADJXrdmQsZ8BFJ8smAFrLq6dgg4k7yRYoro,6,nft
6simnhyU6YRdrmfuPhwBuAz9YwC4MscQjavuSDe6nCjT,E8FiEmweRTyybktJVCPHzbZKaWTVw6ib53EfmJpJgWbz,6,nft
6simnhyU6YRdrmfuPhwBuAz9YwC4MscQjavuSDe6nCjT,EJHMr8aKZNaxMRqVQfre7ANXBZKHKWiVK7H9WdKJDUdH,6,nft
6simnhyU6YRdrmfuPhwBuAz9YwC4MscQjavuSDe6nCjT,G2pJnUb7xVkTh8WUw8rEdmuATdzq74YJG9rSHWk8kouZ,6,nft
6simnhyU6YRdrmfuPhwBuAz9YwC4MscQjavuSDe6nCjT,HZr1qyBW77HvgQaHsTeoJ2TTiqrhn1dAMn7x8KWQKiD6,6,nft
6simnhyU6YRdrmfuPhwBuAz9YwC4MscQjavuSDe6nCjT,ABcwQhdhLYfPPqbwVo97oRLXRW5Rn9u98VWNBtVVQnib,6,nft
6simnhyU6YRdrmfuPhwBuAz9YwC4MscQjavuSDe6nCjT,BpWDCT7aRSjrmrhrbeqPgPeuRzBxEwuLcC7eoCmPo8ck,6,nft
6simnhyU6YRdrmfuPhwBuAz9YwC4MscQjavuSDe6nCjT,GkXjwpW16N5S76wd42M8bzMsAh9fVoyx4P6MwgJ2QjHp,6,nft
6simnhyU6YRdrmfuPhwBuAz9YwC4MscQjavuSDe6nCjT,HPGnibhhQ9LJVLCkdR3nUFxnxus2VJBnZnZQKxkTufQr,6,nft
6simnhyU6YRdrmfuPhwBuAz9YwC4MscQjavuSDe6nCjT,2MVBEts9H1dU7BFRstE3QjKdi4oH2NdtfVVntxERtNPE,6,nft
6simnhyU6YRdrmfuPhwBuAz9YwC4MscQjavuSDe6nCjT,2THH6EUViN3PDP6EYgrd8evqmM9EKyqSAYYfgifuhLvX,6,nft
6simnhyU6YRdrmfuPhwBuAz9YwC4MscQjavuSDe6nCjT,EvQCFydo9UVaDKwqFxShJKAJiiKfj7Nq8nqgVFqM7P2s,6,nft
6simnhyU6YRdrmfuPhwBuAz9YwC4MscQjavuSDe6nCjT,F5pXbmsqkacA5WF17bbD2bS57hQJBVELM6aX5fob61k1,6,nft
6simnhyU6YRdrmfuPhwBuAz9YwC4MscQjavuSDe6nCjT,E2Yb8fXVb3KUYQZXmwn5qvV1RtHwBNh27ECWz2QHim4Q,6,nft
6simnhyU6YRdrmfuPhwBuAz9YwC4MscQjavuSDe6nCjT,9Cj9SS6Jr1gyDkKrhhu5H2nBNoNZPyqBBJf1bzDpEiik,6,nft
6simnhyU6YRdrmfuPhwBuAz9YwC4MscQjavuSDe6nCjT,o2UQtDeX8jskm3YxztAe5RoY14gtSsUwy3WDX5fcTgP,6,nft
6simnhyU6YRdrmfuPhwBuAz9YwC4MscQjavuSDe6nCjT,9JpHyUSeFAB7HfhFdSwB4aXGy791SmnqzeJP3ck6nSo6,6,nft
6simnhyU6YRdrmfuPhwBuAz9YwC4MscQjavuSDe6nCjT,GaZ1MmT6FivFX6US1ThhnKhPaB4MRUEFqnqm99yWSiL3,6,nft
6simnhyU6YRdrmfuPhwBuAz9YwC4MscQjavuSDe6nCjT,4wqcJrebVtZc3fJggQxWnTT4SyZTZ7B1UBFKYVya1avF,6,nft
6simnhyU6YRdrmfuPhwBuAz9YwC4MscQjavuSDe6nCjT,CqQhGYCtYgvWU3K5SbPjKaUnXDD37adhSFks98anKZYH,6,nft
6simnhyU6YRdrmfuPhwBuAz9YwC4MscQjavuSDe6nCjT,GvS5mMPBeQ8WyuzDkcEDP9eMtDb6w1b5VednjUSeejNA,6,nft
FT2SqUAhS9oAEY9UwPbNPJbfAM2Z754jDBdv39wY4RAi,GPXoXznkwxbsFvRuyvsSTvP9DhGBVSwnDfrheeMTRM9f,7,nft
FT2SqUAhS9oAEY9UwPbNPJbfAM2Z754jDBdv39wY4RAi,jSAFg5UR5ukn6WGXtrbkAxW5JitKAeafGSmeDodjnmj,7,nft
FT2SqUAhS9oAEY9UwPbNPJbfAM2Z754jDBdv39wY4RAi,8qedjw92hofjjrZBrQ3JoZp65dRBQvvufS4jyaH5uw43,7,nft
FT2SqUAhS9oAEY9UwPbNPJbfAM2Z754jDBdv39wY4RAi,3tgEqELxc5MhnwKDBafEpKPk8hS1ssZvpkR5fyDyevT9,7,nft
6mVbEsGejv4aPNRnV5z2229ynLAaJp6zf2Ao2VFsSgyy,G677MyTDQ9PyttMGNXgyGKEsHXBvH9ThfrCAJbfRpmfo,8,nft
6mVbEsGejv4aPNRnV5z2229ynLAaJp6zf2Ao2VFsSgyy,2xHEw8eZjg6b2Z8U8jEyNAXjyppfJYHbTMdpLgDbJNbd,8,nft
HgXevcHfkgPW7cmZABE57BpcdqaQwtuwGtJmNmYaTHF9,3KQyWWFf4KK1RSP2wiwoCiJCH7hgEa3oyHkvEYYtfcJh,8,nft
6chzr4HPnwYtb7qpchALUKvfh5YPyJjnpJFpHGrS2Eyg,BCHetZTXSU9jn9NjruE9AsLpWssxk13mLx9ncwJRcogj,9,nft
6chzr4HPnwYtb7qpchALUKvfh5YPyJjnpJFpHGrS2Eyg,58CWzymtqYZcgzrckUBq5b1zMFaaxW86eGd5kNzd9TPK,9,nft
6chzr4HPnwYtb7qpchALUKvfh5YPyJjnpJFpHGrS2Eyg,7HuvQu7wBjKMKa1BBKF2tZnfX1LexA9bPVQtfBHTiFUe,9,nft
6chzr4HPnwYtb7qpchALUKvfh5YPyJjnpJFpHGrS2Eyg,4yCcJJFAaLqKPPgc7QABWu9PfC7N3MTPGMnRpUD3wKHB,9,nft
6chzr4HPnwYtb7qpchALUKvfh5YPyJjnpJFpHGrS2Eyg,8sANyfwyJxQoAikHA1AqBxnmQKGVEWni2SvSpAyRU4Tc,9,nft
6chzr4HPnwYtb7qpchALUKvfh5YPyJjnpJFpHGrS2Eyg,9JJc6Jm6JGoi6h3CgkjWfUQc55EJJ95d9irSUB4Q1Te1,9,nft
6chzr4HPnwYtb7qpchALUKvfh5YPyJjnpJFpHGrS2Eyg,6vxGmiKEuY1QxjasGUfMKu65bF8KB27vUmvsTtEeTtPP,9,nft
6chzr4HPnwYtb7qpchALUKvfh5YPyJjnpJFpHGrS2Eyg,83LHTAPETGfJScfowMEbNtTYEEpdQ5Vg4G4CBbPLjhYT,9,nft
6chzr4HPnwYtb7qpchALUKvfh5YPyJjnpJFpHGrS2Eyg,CMzugb1F2RR1fXhzYtUHAjJP8Q59BhkPoxCUdv6JFAvx,9,nft
6chzr4HPnwYtb7qpchALUKvfh5YPyJjnpJFpHGrS2Eyg,9dTNFhe5u6q8MhK6yMkK57tHnhdGFaHdmVEmAor5DCKV,9,nft
6chzr4HPnwYtb7qpchALUKvfh5YPyJjnpJFpHGrS2Eyg,FKtUHDSYdcBv5z5KqBNsk8cLkGETENndW823RnkTEAct,9,nft
6chzr4HPnwYtb7qpchALUKvfh5YPyJjnpJFpHGrS2Eyg,7WAhNTtsRx6kZd1vk9YR4Z4jMoALYVpzxbuiQh4RiS48,9,nft
6chzr4HPnwYtb7qpchALUKvfh5YPyJjnpJFpHGrS2Eyg,HKRBpnoK8UikpuvrLxP2oucx5dzKnq1FVApjbjv55UJU,9,nft
6chzr4HPnwYtb7qpchALUKvfh5YPyJjnpJFpHGrS2Eyg,HN3riD13kdjWyXdtk9MRPaenoaQnTBXaCXw6K9NiwcTD,9,nft
6chzr4HPnwYtb7qpchALUKvfh5YPyJjnpJFpHGrS2Eyg,DtdaWmPjFK3ZCgYq4kHrbTvjMWLZowF15hyRiopJ5mCA,9,nft
6chzr4HPnwYtb7qpchALUKvfh5YPyJjnpJFpHGrS2Eyg,6cDzYpBXWn99E6LUz6DzkktDzyVc8R3sUufQBoVbbr5i,9,nft
6chzr4HPnwYtb7qpchALUKvfh5YPyJjnpJFpHGrS2Eyg,EbMx23WjrTM57nfr4GYqrndcLGEPF7XJe2Bud1WrwdgU,9,nft
6chzr4HPnwYtb7qpchALUKvfh5YPyJjnpJFpHGrS2Eyg,BNytExgsauPxoQSAysEnb1NTKnV3VbSprB1UkhDDn2ZZ,9,nft
6chzr4HPnwYtb7qpchALUKvfh5YPyJjnpJFpHGrS2Eyg,CnSYn4THGkanPE1KLTvWwVLZqsvz7pKPJBzCSvhTVfit,9,nft
6chzr4HPnwYtb7qpchALUKvfh5YPyJjnpJFpHGrS2Eyg,DEnHkFcKcd7u2UwCLEqYHjtFyeJtC5EcVPm7fV8Rcour,9,nft
6chzr4HPnwYtb7qpchALUKvfh5YPyJjnpJFpHGrS2Eyg,Hu28qNrtQwRMP2ymRnSnma5eS5ivehGEtFCp1igjBkZn,9,nft
6chzr4HPnwYtb7qpchALUKvfh5YPyJjnpJFpHGrS2Eyg,SymmyThMoXFprV74yQkPYXHBRjKQyjE93zV5QVi8AaD,9,nft
6chzr4HPnwYtb7qpchALUKvfh5YPyJjnpJFpHGrS2Eyg,55Stvgv68T6FhNwFPvbEjM3N4CxfYcxofRKVCzRtLcRH,9,nft
6chzr4HPnwYtb7qpchALUKvfh5YPyJjnpJFpHGrS2Eyg,BAx7BWnAxKkenpoiZGzwLPo9YKwpUPjZDycJGxVa1YGC,9,nft
6chzr4HPnwYtb7qpchALUKvfh5YPyJjnpJFpHGrS2Eyg,27nEJaVEdyinXenVcBac5YyczBMkvFxQMGsoQVcaSL8D,9,nft
6chzr4HPnwYtb7qpchALUKvfh5YPyJjnpJFpHGrS2Eyg,EUxJc9EwgR5QJHE3zbHikBAfkkr1EVspuLKdi4QrAXQ9,9,nft
6dZpHvpDi1JzFdC8YySfdHHTh625rYUqoi5SmrZFPEQf,BVKDNKFCyA63q3ndqAVZTsmvWAfRsxQxUSYk4qMJPLaa,10,nft
6dZpHvpDi1JzFdC8YySfdHHTh625rYUqoi5SmrZFPEQf,6pBC1gC4nzubQc12SkGh3aQ2g2SUcRdd3oBk1b5AjrmX,10,nft
6dZpHvpDi1JzFdC8YySfdHHTh625rYUqoi5SmrZFPEQf,8VrXPjGJhoMGUdrRJSoiuZubF6RkiSMPUgPbPWvg3TVf,10,nft
6dZpHvpDi1JzFdC8YySfdHHTh625rYUqoi5SmrZFPEQf,ED6tPpgpEUHrfgdyzYLb3NAkaQo5N6tbiCcYJnEmeZSc,10,nft
6dZpHvpDi1JzFdC8YySfdHHTh625rYUqoi5SmrZFPEQf,BQAqnsDR5NTyFbnYuR9TXewN8razhK2E5Joc9HH2faAU,10,nft
6dZpHvpDi1JzFdC8YySfdHHTh625rYUqoi5SmrZFPEQf,GCfPKkc9Ei52X7C5WQStDPHhR7k1NXxGouGTZXesqMgH,10,nft
6dZpHvpDi1JzFdC8YySfdHHTh625rYUqoi5SmrZFPEQf,3y5TkTC2vdRqYKoi6avU3QKEEZow341XcbkqAZ3yhyv1,10,nft
DYhyznkRUkhtJL8vyXFEmCghMiVTbUuZZNY1e74B6CmK,6joBrP3TRCKbXJTqoTpRLfopspJQxAFCsLZ9JCX2j67f,11,nft
DYhyznkRUkhtJL8vyXFEmCghMiVTbUuZZNY1e74B6CmK,38yv5PrCQ6N7B96PNu5Vxi2eF9upv6EPnJpEFuNLMP8C,11,nft
DYhyznkRUkhtJL8vyXFEmCghMiVTbUuZZNY1e74B6CmK,FLAHcZyrF1ggp28BKGMLZSDz2rnFEoXVLopMasyQe1Y,11,nft
DYhyznkRUkhtJL8vyXFEmCghMiVTbUuZZNY1e74B6CmK,4mGkpkEEdRvTP88tgdz8KHmJ2oduBJ561BtDZhiJb615,11,nft
9m8FXc4v2PLJc62biS8S6HPDkDBZxCyMTThv29TQyzUf,EwidBqBtRp18vDv53GNiqkhtao66pNCa8TeLw4VnFobp,11,nft
9m8FXc4v2PLJc62biS8S6HPDkDBZxCyMTThv29TQyzUf,CmL4UaYijRQhnbknPhie8gFWzFHf2v3RN3xR9bc3mjYm,11,nft
FcxnFt7xAGAT4CHiJhtmCbnuP7dwzCmMoM4CG6cDxMvn,B4kxuLngwhfxSXim9zCQxwkKdbhjQhYNgsH1YSTrCDRU,12,nft
FcxnFt7xAGAT4CHiJhtmCbnuP7dwzCmMoM4CG6cDxMvn,dLvPyYrZmaDMFgd53jomphKPYjgCDJihD8NwHPfrrEp,12,nft
92PejedtuCgz6iL8smCmEE1fB91qfTZKjDHXwLzv2bar,GjKpQs3iXAHJ2bkLWsuGHoi8uNNB1hBhuT2B7cBcUxKa,13,nft
92PejedtuCgz6iL8smCmEE1fB91qfTZKjDHXwLzv2bar,D8snZ7iwBUsVfjQdTQoKeSMH7na15tXRQbo1uHb74fDf,13,nft
92PejedtuCgz6iL8smCmEE1fB91qfTZKjDHXwLzv2bar,8EP5iQGArCEPmtetrbHW5iGzH2cgDbTWeanJWHJQXMF5,13,nft
92PejedtuCgz6iL8smCmEE1fB91qfTZKjDHXwLzv2bar,3M3ZqR55JcjEUtAt6LGZZieKANHmcXQwRRZzpLAcChvm,13,nft
92PejedtuCgz6iL8smCmEE1fB91qfTZKjDHXwLzv2bar,GRSbSuvexnZ4Ge9Tm6t8Nv2oLhyzxHgbM4ogARrwYCLr,13,nft
92PejedtuCgz6iL8smCmEE1fB91qfTZKjDHXwLzv2bar,CkcDMfhj7AJDUnsV8eRWCtdPQ8FyQRMX8JUgBcxtFdmw,13,nft
92PejedtuCgz6iL8smCmEE1fB91qfTZKjDHXwLzv2bar,64ZuSBjJEeSLYzAFLKjH2zTLNaaEfDA8Zw6SfGyWwWtx,13,nft
92PejedtuCgz6iL8smCmEE1fB91qfTZKjDHXwLzv2bar,41htVCcq49hrgnvuaMdhFkxDR9M9raKznBsCLfVn5TVU,13,nft
92PejedtuCgz6iL8smCmEE1fB91qfTZKjDHXwLzv2bar,EAY7ZjgZMoR6jQUukrKXyz9Lm6xS3xtRmuAECjym87dL,13,nft
92PejedtuCgz6iL8smCmEE1fB91qfTZKjDHXwLzv2bar,2tZFFTrSz7t875bb7CSciNyKsdcfCuy2mLmVv9YuD2No,13,nft
92PejedtuCgz6iL8smCmEE1fB91qfTZKjDHXwLzv2bar,2JD3yQNFcgdhUekCo5msi3TBju6NJ92Z1C95AmEeX28H,13,nft
98dLcuBwLavSEdce2Jb3jCr94m1tdqWjtExwAeUYc5uM,4aqRzk8y7auBtq7DtUUsHjc8RTZ1pZWWG6wMC9fFVhg2,14,nft
DRjCSeYc7GwsJhqMQJvTX4wPcbyMxq4uyKJUWtVRXC1a,FNyTYo4k47nfyWNoA74MxqAoWYM9VoydChDxbo3MdeHc,15,nft
DRjCSeYc7GwsJhqMQJvTX4wPcbyMxq4uyKJUWtVRXC1a,6tySedEq8oRrHByQ3hr7iivWqc7ddM7uJkBSiAsns3cR,15,nft
DRjCSeYc7GwsJhqMQJvTX4wPcbyMxq4uyKJUWtVRXC1a,9HH7SFeMAu1YmzmdAsboVsoUB4hTyWj23iTmzoVx1tJC,15,nft
DRjCSeYc7GwsJhqMQJvTX4wPcbyMxq4uyKJUWtVRXC1a,7Ykj5ioMd3TnL93NutzEGAcxt8ykFZNEZ84SgC5pZVXn,15,nft
DRjCSeYc7GwsJhqMQJvTX4wPcbyMxq4uyKJUWtVRXC1a,2uXP8Sa17RZhsJfWf6LH4gdFMSPEA8cE89xgtWxmeg1e,15,nft
DRjCSeYc7GwsJhqMQJvTX4wPcbyMxq4uyKJUWtVRXC1a,B2Yt2yxZwQ76e8nmmyWnkL9pSicuGx2o3JCMocGSioee,15,nft
DRjCSeYc7GwsJhqMQJvTX4wPcbyMxq4uyKJUWtVRXC1a,5BqvjfTnhy2PxWZBT5siu8Qm4FHnewvbg97qAwB7W8CE,15,nft
DRjCSeYc7GwsJhqMQJvTX4wPcbyMxq4uyKJUWtVRXC1a,5uYVZt1MEesvXedVhF2mCo62qNw4bmM1DEVgtzV2VUxX,15,nft
DRjCSeYc7GwsJhqMQJvTX4wPcbyMxq4uyKJUWtVRXC1a,H2s5febRQePWztBZDjZbtpHE1MqJf6uzVgJTsBvSnjPw,15,nft
DRjCSeYc7GwsJhqMQJvTX4wPcbyMxq4uyKJUWtVRXC1a,HFF29ahh2KjadR297wuog5LS75cAdTTCMhk5BVNYeq1E,15,nft
DRjCSeYc7GwsJhqMQJvTX4wPcbyMxq4uyKJUWtVRXC1a,9LJwXeeAKkAY1zKrPKjq4JVvhJ7cns9125WdWQba5vsT,15,nft
DRjCSeYc7GwsJhqMQJvTX4wPcbyMxq4uyKJUWtVRXC1a,3mgPbJobSZ9Go9CjZ9bY9C5e2Win7dRSnxKRB3sVtBB5,15,nft
DRjCSeYc7GwsJhqMQJvTX4wPcbyMxq4uyKJUWtVRXC1a,HxZ5Fp1xZJDz3rD8vSkAy6vEHcNTAbfNSkjjSVoUbWB6,15,nft
DRjCSeYc7GwsJhqMQJvTX4wPcbyMxq4uyKJUWtVRXC1a,Au9RBmAwicYZyXBBZjibTusoPxX1tYWyfhTaT8rpHR9C,15,nft
7Q3PX3i4pYWkq4UadXie5jkdkdX6f2UKFxpbVZnzeMr2,9QVLzv675yakETvjsUU2VCM2oNEKpFeov9PkgEfS22Qg,16,nft
7Q3PX3i4pYWkq4UadXie5jkdkdX6f2UKFxpbVZnzeMr2,9hcxxXWdKg2aCwsB3x6aWLL6RXrbnRMWN6jAUMtZso7s,16,nft
7Q3PX3i4pYWkq4UadXie5jkdkdX6f2UKFxpbVZnzeMr2,2pwYqZBoDpiCFSuodDgC71poYK4dRwb9ds7F82MVPGSK,16,nft
7Q3PX3i4pYWkq4UadXie5jkdkdX6f2UKFxpbVZnzeMr2,5b23DnNB6AaSWYnW8osmidP8oc3B4RrSgc9KQM4rXEhi,16,nft
7Q3PX3i4pYWkq4UadXie5jkdkdX6f2UKFxpbVZnzeMr2,5NpDAQfqHtdUmpg5pnbasXDVuhKh6cgdAVcunDWbBtJL,16,nft
7Q3PX3i4pYWkq4UadXie5jkdkdX6f2UKFxpbVZnzeMr2,An91eVz8xjNPr7iGF9d38ahnnnQ6Na4tBhoL945zaxtm,16,nft
7Q3PX3i4pYWkq4UadXie5jkdkdX6f2UKFxpbVZnzeMr2,FDbHVGDBX2FJow5tfm4xVpEXDMufRdZ525rSEDy9wesW,16,nft
7Q3PX3i4pYWkq4UadXie5jkdkdX6f2UKFxpbVZnzeMr2,3DhXWMCsUVVEE1JYh4cnP1X7RESx1pxZXAM2EcoTVcwq,16,nft
7Q3PX3i4pYWkq4UadXie5jkdkdX6f2UKFxpbVZnzeMr2,FyoEg32wbaN7cLGcQgBTRCFbfmteHLRDJjEKEUtFhm8L,16,nft
7Q3PX3i4pYWkq4UadXie5jkdkdX6f2UKFxpbVZnzeMr2,HHXzf64JA1cbpJcr5YujLnQvzQGN2d3kb4c8bURkAnuU,16,nft
7Q3PX3i4pYWkq4UadXie5jkdkdX6f2UKFxpbVZnzeMr2,6xpGvf8PGSePfTVEHnoFAvjWQTV7RwHeu4xSspWboTrM,16,nft
7Q3PX3i4pYWkq4UadXie5jkdkdX6f2UKFxpbVZnzeMr2,6cQTEqtQhbLaQMiV6hVpgtAmGhEBuEJPKZeSYnVestdS,16,nft
7Q3PX3i4pYWkq4UadXie5jkdkdX6f2UKFxpbVZnzeMr2,GceE5j9eSgzgkVKoESJtDWjPdPBqxMnHnPJtBJTuq2RE,16,nft
7Q3PX3i4pYWkq4UadXie5jkdkdX6f2UKFxpbVZnzeMr2,3vqbVsq4DuxtQrtdLLdKN7JeV4XBshM6HRStM4tJSD5Y,16,nft
7Q3PX3i4pYWkq4UadXie5jkdkdX6f2UKFxpbVZnzeMr2,6oSvZMz4tgaaGwcbcJMg45DdMnGCETYnmGjue6cEAKLH,16,nft
7Q3PX3i4pYWkq4UadXie5jkdkdX6f2UKFxpbVZnzeMr2,peHDpVbU27V52hubRnsQX2SRyupgyEL8Syp2AgVgD1p,16,nft
7Q3PX3i4pYWkq4UadXie5jkdkdX6f2UKFxpbVZnzeMr2,CXrwmQPwwBQWTJ24sFVXtNcRudxU6bpTzxGeHM2hdCaB,16,nft
7Q3PX3i4pYWkq4UadXie5jkdkdX6f2UKFxpbVZnzeMr2,83fsrfBdqUq2xoS6oUvtF8ygjqi1zAYzddkJp3ENvNYY,16,nft
7Q3PX3i4pYWkq4UadXie5jkdkdX6f2UKFxpbVZnzeMr2,7iU7KwpfAXPmUp8nGMKT7RLWmmvH5VBmhvsZLugmyzGR,16,nft
7Q3PX3i4pYWkq4UadXie5jkdkdX6f2UKFxpbVZnzeMr2,4L5BDvPkHGBMZ716112Aye7WeBDDCovjedRNGhT4vJHG,16,nft
7Q3PX3i4pYWkq4UadXie5jkdkdX6f2UKFxpbVZnzeMr2,92GHQBXmFGp2SEpM3d3BMH8qDELRp6761igBE26PQL6d,16,nft
7Q3PX3i4pYWkq4UadXie5jkdkdX6f2UKFxpbVZnzeMr2,5xfd3oEKMJZD3mrRdDwcioGpeLcJjoC2CFbnKChvfY2H,16,nft
7Q3PX3i4pYWkq4UadXie5jkdkdX6f2UKFxpbVZnzeMr2,CDSVari6Xg4sgoV9VKRBozKXFvrdbJLPKEj1cJqgRdQ4,16,nft
7Q3PX3i4pYWkq4UadXie5jkdkdX6f2UKFxpbVZnzeMr2,GwPwghAZuzcVkLBJGz9mNdsk6RLFBprF7otyVefJWsQk,16,nft
7Q3PX3i4pYWkq4UadXie5jkdkdX6f2UKFxpbVZnzeMr2,HUZvTctZzaDbsAJHDTM4iaLEUmC1JmJqsCkE8Jban3AU,16,nft
BMZ3aRJcAhCvj4LcmLqgTDK4P9FBEQATYSweSZrXBsZf,6LsaXxF3PAdkUojsKSkkEzASNLyCBr1nmy6oZ2cDGFFM,17,nft
DmQnJ1h3dbiWorN7fjkT1e5XcL8p2R5ue5M5WaqRrBfG,GwthPxfZyvZZxB397WK85s6rLGYMBEoQeTjp6HAUmFwF,18,nft
DLxkkyxBwsy6G37aruR91ZQ5qP2NsbQ9p6FqSXNFviaL,4b569dLv1qn2fynjYxZGoQWKhyEwPUF2aE5rZehYRqXd,19,nft
C7FgA1wgCBKixHvfNXdSJYXm8urJuhSkosiDhUm6cVkL,9PqeqZLnRUJvL6iUaNRCrgtLVp1WnVXq6AngU1hkbuDa,19,nft
9re7GGpe9nBs4yuKpPU34ewkJAh1CNFxnqWj9VCycCcP,5pmg2zeyDK3vM1Wzk1CuEANMBmwibtELYg7SBzBgrpvM,20,nft
9re7GGpe9nBs4yuKpPU34ewkJAh1CNFxnqWj9VCycCcP,CrFjLRbFxVEz5jgkmABUYwZBSzvmpMGYFNzhvG67xmyX,20,nft
5yF9v5L3t6KCDFic2w2hmxYNZMs4EYNr3gA1TWJpTraD,8CQEH9YUiwurs8nhDXx9u76YYBw2TULbRy3NbCA2z4Ja,21,nft
5yF9v5L3t6KCDFic2w2hmxYNZMs4EYNr3gA1TWJpTraD,DhfEKcpeQoGZEzM3SuKKsHW7xMmedHmsmqUXWgVxQBGo,21,nft
6zWzjyYNcCX6wmePx6mGZvECQBPmH6C5BiaTJnSSJnUv,DEnKjiS7m3C9a71zmrZGPJvaAEviCk3cwvnz8R1L9f6y,22,nft
E4a4Mj8ceLPH19YXyzdExNcMvtov6P9c2CH1bsZm1Tos,2XHkAX37xqb1NSY4PXQ1V7hNJ8pkL1aBq9R4tSpAC5t7,22,nft
BdZYTXJhyCJ1C8PL4SCJUbVG21uPPBB9FLgSdymZ2qu3,AXaFieiRarELfPfaVSt62qwsBkimeqzaH44FL1JCuaq7,23,nft
BdZYTXJhyCJ1C8PL4SCJUbVG21uPPBB9FLgSdymZ2qu3,6M93RuxSFk3h3Px44umqBSghthtvrXVRtboXEo3CtFjs,23,nft
BdZYTXJhyCJ1C8PL4SCJUbVG21uPPBB9FLgSdymZ2qu3,DRnFBDD9vRhYSxskeyTBAzCFUEi6kEXxyZP8aheg2NSB,23,nft
BdZYTXJhyCJ1C8PL4SCJUbVG21uPPBB9FLgSdymZ2qu3,GcXPG57Hr7t3kfnQMbpEkQCVD4k8zReRY87NDMbDheGc,23,nft
BdZYTXJhyCJ1C8PL4SCJUbVG21uPPBB9FLgSdymZ2qu3,5V8Mm2r8c7R2pTPV81XnC9uRa4B9ujHoNozdSeAD99hz,23,nft
BdZYTXJhyCJ1C8PL4SCJUbVG21uPPBB9FLgSdymZ2qu3,9a3ZGLSR5zP8wSiXJn8eji8RaifaAESoFDBpH4NunVa6,23,nft
BdZYTXJhyCJ1C8PL4SCJUbVG21uPPBB9FLgSdymZ2qu3,32NpLTiqDXt4yT6TPQRV8FDeQNWZ8aj62yYy9HwGeYSR,23,nft
BdZYTXJhyCJ1C8PL4SCJUbVG21uPPBB9FLgSdymZ2qu3,Fgw9cTLmoFdxn74Rxv8HsgRbS4v3yCh2Y3ZtBe2ydQ4k,23,nft
BdZYTXJhyCJ1C8PL4SCJUbVG21uPPBB9FLgSdymZ2qu3,ycxQG1kaVM61V3zzEPey2btD536em29YuBF3bSFDZJX,23,nft
BdZYTXJhyCJ1C8PL4SCJUbVG21uPPBB9FLgSdymZ2qu3,BriWRXkAaeG1nQj5mTYRotAS6ttw2qBaCVWKzDKmfTHj,23,nft
BdZYTXJhyCJ1C8PL4SCJUbVG21uPPBB9FLgSdymZ2qu3,5YPiYtnYUW83ukDZ2msyxrAdTS3DKcPjxaEeCWTkaUFu,23,nft
BdZYTXJhyCJ1C8PL4SCJUbVG21uPPBB9FLgSdymZ2qu3,2oxRd7miXqWH8Du8RnWUPkZpiay1YhH6yM7GYBB8gQVj,23,nft
BdZYTXJhyCJ1C8PL4SCJUbVG21uPPBB9FLgSdymZ2qu3,ApUcDBMh9jGs1ZrewZ429cgHqq4qgeEToP1UDZTjdvwe,23,nft
BdZYTXJhyCJ1C8PL4SCJUbVG21uPPBB9FLgSdymZ2qu3,42pAGw3BbMGdeBZc8CywGT3qxnDv72SYx1uX8ywzN4rb,23,nft
BdZYTXJhyCJ1C8PL4SCJUbVG21uPPBB9FLgSdymZ2qu3,6fyopCwMVgHhQCk8LPrmr5uF4GwChBhxQ6WKcwy9Mi4y,23,nft
BdZYTXJhyCJ1C8PL4SCJUbVG21uPPBB9FLgSdymZ2qu3,AzfgU4rcYsx29eiPK5at4GTa5rKPmNbUq9TRWYAhoNkJ,23,nft
BdZYTXJhyCJ1C8PL4SCJUbVG21uPPBB9FLgSdymZ2qu3,6hPvy7k72cVFNfpuhogEYZJ6oFxiBtBpGcMQB95umSmv,23,nft
BdZYTXJhyCJ1C8PL4SCJUbVG21uPPBB9FLgSdymZ2qu3,AXzZ5copsckNZPAprg2TY6bFYkSR6ExS3L5zTQzhYpCi,23,nft
BdZYTXJhyCJ1C8PL4SCJUbVG21uPPBB9FLgSdymZ2qu3,DGXybWVPXXaPLfLCZfXc9ZKSiJGxK2XZtAQHSZFRNdvm,23,nft
BdZYTXJhyCJ1C8PL4SCJUbVG21uPPBB9FLgSdymZ2qu3,4Mme217aP8DMUZB3tVKs4Ahn35XAsgcPAGkLSMstu5sC,23,nft
CKNLjW659im9e4SuyUC3LYnQtAoPjYY226iQoWfH8pJ9,BG9maa9NShQdxjuCKWUDFgphT8ubJ3k8oYU9e3621Pvf,24,nft
CKNLjW659im9e4SuyUC3LYnQtAoPjYY226iQoWfH8pJ9,4oRSzi9EEU9nGv37UoNptP824iazc19RLaPy9WYL12WJ,24,nft
7fNLzu5k5vFGyYGTd6RJu7gDFFgM5V6rHaqHVLr7TqrQ,DqLpR49ASCJRruKMUxJBQ1uEH7TEe6hqbywLCi81QH5e,25,nft
7fNLzu5k5vFGyYGTd6RJu7gDFFgM5V6rHaqHVLr7TqrQ,4mj2ETs7qfjYfVCNpCxDSfLpM99nTYZvDacjtWRg3Y2T,25,nft
7fNLzu5k5vFGyYGTd6RJu7gDFFgM5V6rHaqHVLr7TqrQ,AfMv8zbgaDoaGH4sYK53UwDspFnoz3xMztBNhRKuvSQj,25,nft
84EP86XSYJADvFwKPZwcQUqhxaTRPyASji8jJ3rBoPEd,Fsdq1hHfxV7Yeh16uqhy4b8qbko7nG1mHgz3KYJmeLr9,26,nft
84EP86XSYJADvFwKPZwcQUqhxaTRPyASji8jJ3rBoPEd,9wrf4Sr6bEarS3zSy4dSchmoxmSQHwBRzuY1NCDKvArr,26,nft
84EP86XSYJADvFwKPZwcQUqhxaTRPyASji8jJ3rBoPEd,6EahEfwe61AUVRF5YFe3JKeiReKB7YzNjeWuLWSTPkog,26,nft
84EP86XSYJADvFwKPZwcQUqhxaTRPyASji8jJ3rBoPEd,DL9znH2bggAMhHxmFHyxwcydUZ8u32FCiSDDpmENUp1i,26,nft
84EP86XSYJADvFwKPZwcQUqhxaTRPyASji8jJ3rBoPEd,AQoEKS9uJY2cUqPdftWKfob2vfjYrryu1AMVUDs1Q3At,26,nft
DGbqZ2Cqjn5M2qAj3Kpw9XTZDA3Wmbi236yLGnMzzMKU,UrcWwhShcPpP8bvmwbLdBNncWYH4XbHAvzaxbmJRDEU,27,nft
2PYGFp7NV3MBMKy4RpN1yVbqAocfZWEA78wVua2sQhae,EaqJEjrYgAzMe33ZMyXj8v6hiuV6wuGcG1vAgd1KLhuU,28,nft
2PYGFp7NV3MBMKy4RpN1yVbqAocfZWEA78wVua2sQhae,EcBFCxSTx2JMsmhepC9kMSecwZRKfVDSKGzm7C2zeJyR,28,nft
2PYGFp7NV3MBMKy4RpN1yVbqAocfZWEA78wVua2sQhae,2pmZVnQXGHu5qzqXKGD3UtyEU6E49a2YaoX5wBYmq6kV,28,nft
2PYGFp7NV3MBMKy4RpN1yVbqAocfZWEA78wVua2sQhae,Ap7Hw3v2hbnmtEfTbs6ua1AEFti3eMaafy9BfBBRggga,28,nft
2PYGFp7NV3MBMKy4RpN1yVbqAocfZWEA78wVua2sQhae,6rUVnfasvN8zYYU5U4TbEX7Wfb1zqSC11RC14ve2v54c,28,nft
2PYGFp7NV3MBMKy4RpN1yVbqAocfZWEA78wVua2sQhae,8jgpunQs1SvcYEKPDWiHSrG9wHcFw1TLCvD1b88Cdiom,28,nft
2PYGFp7NV3MBMKy4RpN1yVbqAocfZWEA78wVua2sQhae,CpNeh4XzeGHiwb1pLy123ktHiuDXsnKCvYz5Hjwo3qZk,28,nft
2PYGFp7NV3MBMKy4RpN1yVbqAocfZWEA78wVua2sQhae,GiTLhipyHwyhJXkYCrnkukQhXpbX6Zju5t6U5ZGgo6vW,28,nft
FYZdRSWUgh95A6RaWdLEqgeYcfXCKCKvSFHyXahQhA3i,5eKik754LQN9MZJgykKqTfPkZesycYrdxR4opHsNMEG9,29,nft
AspdeArj5f686peJHPyb1vgFJE171p2TRYv2J61WTXMB,59cRqqoBdm9EZijxVvoC74mEZBqLPXvKXvQBHqA9ZCZy,30,nft
HLj5k66YMkdtc8DcNxD1zoXXDgmLYj3XKm8uS64obos4,A54pxGo5HTXSGCrJuT39YVLG7fXX2aSVRQejYzqE9DmC,31,nft
7RoS49HKvSicDfj8ANx1fqiXrxN3piuv13auEHpiQZ9K,7rbWQFz8pnArJZMMkToaV4zaHq3Q5U3RikqSduy8Xwds,32,nft
7RoS49HKvSicDfj8ANx1fqiXrxN3piuv13auEHpiQZ9K,6yQkmzMcEymFpdjQHmqVTJs4uBL9GegmHDFpe6NQob1S,32,nft
7RoS49HKvSicDfj8ANx1fqiXrxN3piuv13auEHpiQZ9K,5P7HDystLw1KrvGJifSowV2okkBppnFWyHDC2DMn8Lsg,32,nft
7RoS49HKvSicDfj8ANx1fqiXrxN3piuv13auEHpiQZ9K,4Nz8CoKU8HpwhRcvFwGWpKRtj94GHXKZF5EvWdEj2Jf7,32,nft
7RoS49HKvSicDfj8ANx1fqiXrxN3piuv13auEHpiQZ9K,EG2nHGH3vh8qCumYzHrLPwTZWM1qVqJoqnKFK1pkmraE,32,nft
CEF841RXF9hXS7T2He4BPfjHdmLBgw1ZPcbyp1dxEjZd,BkVxJJcFeJfjXc9nJLUjLsN6aPk1NWNzt82rAVg99Ksa,33,nft
CEF841RXF9hXS7T2He4BPfjHdmLBgw1ZPcbyp1dxEjZd,BfN3iTMy48e4arBXvVvGmSx3r3oP3jnEx79ScKqmsJ8e,33,nft
4tu9fjczdV1PCe6vj1xt1FzmHdtUpYCvVk4V1muxV1Sq,Da1oUignf5jKh5uoKtHtERVPkteL87jTi4oc6qNTmBhG,34,nft
4tu9fjczdV1PCe6vj1xt1FzmHdtUpYCvVk4V1muxV1Sq,2m1jHxKktPExaqSKih5NRLJYMEok1bFqdf9Hm71BhWXV,34,nft
CNRQ6R6mbD4VjK9TpDjUfuTtx3cH1ygojGox8AEK5WYn,CaqzzMbhqLrNzc49ULGvnyEzDJkJqEJcmVpt3Xa9R71s,35,nft
2aGCsFqZdhCsjZUVx3mTD9p8VAqEWtauBFB6mharRCPE,DnMCaqddT6k4VtezWKzRCxwm3A1r6ex6pq6ao8EDMHq8,36,nft
FWMnsmFv6EvmtbMP4kHRHodgFMtgg1MBezKf5wsYfavq,DR2PwdEZEvkswPV4T2cdAfEEFr3MR26BSQRorDavyyrz,37,nft
FWMnsmFv6EvmtbMP4kHRHodgFMtgg1MBezKf5wsYfavq,7rKETvo7rwrrWk2vKpXNHv7xdWdiSTQsxdyukGUu6GKA,37,nft
FWMnsmFv6EvmtbMP4kHRHodgFMtgg1MBezKf5wsYfavq,3ef62L2Tomn9PgEdou9WdSfxm5aFHv5uvVirajN95E84,37,nft
6zsX4RaoWnif3V8A5G7e5x1xPbC6GHeRcpHjQgPn3Q6M,GU4FRBhs46bSc51ZYfRvYCLPbBNENQ3F3BVpwTb9mG1t,37,nft
8Wkr3jAYrh2fhQBgJ2ekMj6yfVyXtCmBsSBhDPhmjuZR,5wLP6MaBn1iogFmJ7dr2LXotghj6cukwv6Lrt8W3AxoN,38,nft
5o3Y3L7Ms7N8MAdR35zTkhXuFQFsn2oKMq3ipTx27uJS,EsVs97rjEGxRLHmUioYH1E6CL2KNTzSpE69KVgmWBjKj,39,nft
5o3Y3L7Ms7N8MAdR35zTkhXuFQFsn2oKMq3ipTx27uJS,ucMe1FxqnGbUoPjawqaVQKi5FdvRZFwgnFFTp1X3x7r,39,nft
5o3Y3L7Ms7N8MAdR35zTkhXuFQFsn2oKMq3ipTx27uJS,5mqQaw7bnyYiGSMXqMJu1ytWNJhqfKZpvMJZEHJLiiQE,39,nft
5o3Y3L7Ms7N8MAdR35zTkhXuFQFsn2oKMq3ipTx27uJS,CAgRvopACUDU3YnozAtk27tfKDGPA1pSuT6gAYJJ9BsG,39,nft
5o3Y3L7Ms7N8MAdR35zTkhXuFQFsn2oKMq3ipTx27uJS,HTLjKwP5qBRQCWJnBa3LvVo8Tt75jsUzf6BUUwFpCzns,39,nft
5o3Y3L7Ms7N8MAdR35zTkhXuFQFsn2oKMq3ipTx27uJS,48zjB232zmL3kUFVqv8E76dm7oB2ePrrgCNHsjJ7ZQyZ,39,nft
73dEZtvHTyHpnmsGN1HYJ5Bj7Dyfuv65EdNsu7Xa8gL5,2P1DDbyQ46Zh9RdT9exBVuQGaCkLUv5mShEBzutC7KDr,40,nft
BB43W2ykPqnakLnJxqNMvRKGsve7QnwQHyxqonBnAg52,2P4Qy44MtL2LYuH4d34wWxQWQ36QNrPwyKJiFsLE83WM,41,nft
9TmGgkRkf2QsrFe6Ssb9staj32FsTccmPHEc6QJSAz4s,2uH7h5WfsXKMEk8FdfXcnfNR3Sz3BdTAXMBxsJhdsYeT,42,nft
9TmGgkRkf2QsrFe6Ssb9staj32FsTccmPHEc6QJSAz4s,DcYkheptm6SPAxxS12HaUo6N4699JtzXcpNF34x3v5XS,42,nft
9TmGgkRkf2QsrFe6Ssb9staj32FsTccmPHEc6QJSAz4s,8oubVWPe9LksoWbpkkUzzEd6Zy9ovYFY33PKLACku47,42,nft
B9jmP9UKUsnQ7Desav8xQY3tQE4zw5GcrSTwJamrMfZG,EU82zzBtLJogwWeWDTUyveM9EjHmV93dHq1C5YsjqPNx,43,nft
8nnc6qmwSPoULUSAKaMFBq8yPRFG6SUHyeqGKtW5nLV6,CVxLhDFXuf1fow6MwNmD9yMAs4qWvWoDWqjXbQtfAjVW,44,nft
8nnc6qmwSPoULUSAKaMFBq8yPRFG6SUHyeqGKtW5nLV6,5bk71ABu5yf6raFv51CCgwowsw2psRLFA9Y17BT8Zx7T,44,nft
9YFtcgyAMJXU34YkXAEeDoT5cKG4pzE5aK5GWWkZTjwv,D977DEMCCDBKNAqNcz68y4P6o1odgbuw2pRUccZwkCW9,45,nft
CmwNgWY5WTiDydPqwd6KSxtVsFq2E49gr3hmkaDEdBhe,C2NVRGbK6WqmJUVz3cRtxRnLjBmgTiDrRBgSUzgLuuQa,46,nft
CmwNgWY5WTiDydPqwd6KSxtVsFq2E49gr3hmkaDEdBhe,A3g4XuR37GsCh7L2JxeDpnWARgNkB7K1HHmBguSgW3QH,46,nft
CmwNgWY5WTiDydPqwd6KSxtVsFq2E49gr3hmkaDEdBhe,qayR8Wj3kF1ZTpzdU2UYPNusPFHkytxdgrBpvWLfVyB,46,nft
Di3td7eTwMMjxLTZpuG6mY51ihggDdytVjz5EYovnp5o,FEeDmd7h27KrhcbmHpoBGkCUiAifWBEkMSdhnfrqriDn,47,nft
Di3td7eTwMMjxLTZpuG6mY51ihggDdytVjz5EYovnp5o,7uEojZ2m6h2ykcAyDjXiuJN6cCMFrsV9XeKa1VHYHop,47,nft
Di3td7eTwMMjxLTZpuG6mY51ihggDdytVjz5EYovnp5o,5Cuw6S1aP3F5KqT6zYL69A8e3saDgTX2pDLJ9GwP1wFF,47,nft
Di3td7eTwMMjxLTZpuG6mY51ihggDdytVjz5EYovnp5o,GbHoRSzjPabMVDEq9mWzmj2168nn6dRaCvmueYTdKBmv,47,nft
Di3td7eTwMMjxLTZpuG6mY51ihggDdytVjz5EYovnp5o,G4jkEXPHj3rhjFSZNYMKXUywhAXPJ48iTuGAy2ERTJxQ,47,nft
AGzG87az4mfpR793NG2DVkiePD4PLvB9oxudUu3VaeXE,4C9pvaBbyW2MWG1UBCSULBR7KRVTC2jTWUxbjT4byLLX,48,nft
AGzG87az4mfpR793NG2DVkiePD4PLvB9oxudUu3VaeXE,7eoREnzkxBDa6VRn7TfTjyQko4RC8a9M6iR7UdXThLMT,48,nft
6Km2je9yL99MzJ3cNkSAxe2aywmVhWsScww5MxufAaGg,AZntt2irxYdKmtmujcx7mJdBYKqhFWQZeeYWc1RLW3Sq,49,nft
6Km2je9yL99MzJ3cNkSAxe2aywmVhWsScww5MxufAaGg,BmSw7PqsSayoCVbjqjPoZcLejxH6KJohjJdn1cJJboVd,49,nft
6Km2je9yL99MzJ3cNkSAxe2aywmVhWsScww5MxufAaGg,rvVu4Jv2xq9pk2CcrtoEGkWMYeUAUWUoBJ1vjBUq2pM,49,nft
6Km2je9yL99MzJ3cNkSAxe2aywmVhWsScww5MxufAaGg,5fHJW2zRyVKpUz2sBiCjidAyJSxvvJNB67mZkZgjCnXc,49,nft
6Km2je9yL99MzJ3cNkSAxe2aywmVhWsScww5MxufAaGg,AdzfwzNQvT14Yz7PWH7waWNZY8nMGMpmJTJJnBYdBzbN,49,nft
6Km2je9yL99MzJ3cNkSAxe2aywmVhWsScww5MxufAaGg,EmQsQNdb4ktGcvtYdxFdNSwwWgRokM92nQeCW2H8Ui2,49,nft
6Km2je9yL99MzJ3cNkSAxe2aywmVhWsScww5MxufAaGg,93RQ9doJEkqaPYTYtBHPAo85FsXGE6xvcpHg4WRJeV6Z,49,nft
EQBrFJZMDpXr6TFaADqn3oRJrRzNRfFac4ciTWXmPYsr,DVBkr7Yu4NVSgLRc6Be3u96uc8vDe5iKD5t3wMTAyh4k,50,nft
EQBrFJZMDpXr6TFaADqn3oRJrRzNRfFac4ciTWXmPYsr,3eH97TY7TenbVaLGg5c1hGY4ERsByKaMDKAuh9vs9AXK,50,nft
EQBrFJZMDpXr6TFaADqn3oRJrRzNRfFac4ciTWXmPYsr,8riFnsPKGVAUPM9HoyCExXc2zhu5roWVKc7MQY8BC5Lp,50,nft
DHcjTd38bWeYQo3MfSW5dZbFZZbabJXxLJZRRucVsvcN,HrE2bwGnpob2qS4viuHhttCUPJRKHf8x81VHqVjVccAn,51,nft
DHcjTd38bWeYQo3MfSW5dZbFZZbabJXxLJZRRucVsvcN,2RmmaF13KwuDf7Xon7nfuSQicR6m96cv1R9yj6jnVXsH,51,nft
CR7gVYbv7vgggsmM1iLoQZYfMiCEsgKcK6Me5ymXX8NC,E6BkXq3AXt948PECeqLGFcmfGT7MQnxzenoGiDDofrfM,52,nft
6cEszvcxmjVAdmENMMEGbEFZoN1oUqHQGCJ34PoauMrS,2znqQEAXnnowJvJzGVE5pzST9eVyYTgezfPyti9ANCqy,53,nft
5GabQaQWPRgHF1yMqeVnAZ268Sg7oeSDwPUbPMSvhEyL,6uZZcrfxUN3iUa4fy79zjV4F7VZqs9Xy5seyE14K4N4A,54,nft
HPGmfWVFZoovewBCp62ixupHKFJ7hdEUMtSV5XKk2cpq,FCwEnTwZKFK7Nva2ka4LkQVocmpK6LvyHQGr4BBxukQ9,55,nft
Ay6pCRkxa6E12J5NFL2inFXumpnQFm518dgesvTUxtix,9uAcPwrBrUYNN7EJzw4UHXhemUqZMzyizhHHBHgHQWBU,56,nft
Ay6pCRkxa6E12J5NFL2inFXumpnQFm518dgesvTUxtix,3ZzKFsuhVDpFHvV7fiJxYSLut4X4SQ4c5vzcJJHGv8eK,56,nft
Ay6pCRkxa6E12J5NFL2inFXumpnQFm518dgesvTUxtix,FCm9Qkq9jq9QBYCy5trn7G865QJfRiNYH3pj75HPwTGs,56,nft
Ay6pCRkxa6E12J5NFL2inFXumpnQFm518dgesvTUxtix,H514kchmLg9EwA96mSvmvomuWox1BPhRQPu2VNJgDvAN,56,nft
3hn5fWZEf2yUZcwU2CV2Wkvk7YDiysM8xBwmesFg7sN1,DeMcKamj7LdZrCzp9Wd1f1HwP1r2kXHJGYZscKXGWbGY,57,nft
3hn5fWZEf2yUZcwU2CV2Wkvk7YDiysM8xBwmesFg7sN1,3WmxuG1SFUbc6viwAn8wqfRZu8Gfj8Ba49L2Z8RZynUC,57,nft
3hn5fWZEf2yUZcwU2CV2Wkvk7YDiysM8xBwmesFg7sN1,FVuRJqXWNfDfgQrPauzZAdwYd7oLP46Tziv3o8W8uYtQ,57,nft
6JY1U2Ads1gSN3VpuCeaamsfvSFgWmhgvNEELepMxukv,AsjyDFoZFPsefWDvndm9qjphdjKFbBfiQqbwUsHj9Evt,58,nft
6JY1U2Ads1gSN3VpuCeaamsfvSFgWmhgvNEELepMxukv,7MUpQohUNnrZ21WfWtfHcQGmAvfzKKGfWwTD4UdSWrTL,58,nft
6JY1U2Ads1gSN3VpuCeaamsfvSFgWmhgvNEELepMxukv,FiYwVgTDN1zmumjNim3NZcChqzvrJZkZQMX6naBy12vP,58,nft
6JY1U2Ads1gSN3VpuCeaamsfvSFgWmhgvNEELepMxukv,FBKQsDqRoXgaeK4jCJ2nTBVcfhDfaxVbjTEDEKXSDjBH,58,nft
6JY1U2Ads1gSN3VpuCeaamsfvSFgWmhgvNEELepMxukv,CZQddRgMiusvKcJofVw164PUF185vHh1WJa6RLrdk85F,58,nft
7AN8beUb2V6pPiYdG7VEtLsUYeCV28ba1Vf4ecRsbU8a,CwzSirND4xxZNCjc3yEfxz5dy8Awm5HB6UxpadxcmyhV,59,nft
7AN8beUb2V6pPiYdG7VEtLsUYeCV28ba1Vf4ecRsbU8a,3Fb22qrkjU2zV1bUXc7CqD1ALkix7JgqtyV95amKgyQB,59,nft
5S88nMKs8edxGbf97pMMxcahxyH67gCf2RH6JyvsePQf,9uW5nNm9dPVqKqdShsWZJV26xMMfpVnto76bsng47BvD,60,nft
5S88nMKs8edxGbf97pMMxcahxyH67gCf2RH6JyvsePQf,HGJD1kyyrYTBn6cBQM7wKa8PGo6StkbdDv6FYYw94TNo,60,nft
9SuaQ8TW34Nu2hbvwe7GHgAtRCW4Nw4k4wU4keJPALuZ,H61Z1ppwMicdF3zRtfbDAyBz6rcBocf9RKdgTNqQ17Di,61,nft
9SuaQ8TW34Nu2hbvwe7GHgAtRCW4Nw4k4wU4keJPALuZ,5P4ZoYMa424LU5afMY5bUxWZDutwLurMrZrjfRRMoQih,61,nft
9SuaQ8TW34Nu2hbvwe7GHgAtRCW4Nw4k4wU4keJPALuZ,Fu5m44JuTDgQBXEeSBvvpfQzSwjj6RQG7JvLmUXnk1vB,61,nft
AQJqtTJoZcqrNALkgqkjqFhnyF6mPNSS6vwdhcqWwrk,5FRx9Pvf4xciWFy69RkpBs9QctWg3wHN2wnZ82S5sYo8,62,nft
5Lht14p2V2sQhS5vz3wCnqx5zWBPpEAnUWReAvq3RWfo,6mdaiUpxc2VrHf4fEkW6SYMr3a5HhCKitqgkW1zZzkDy,63,nft
5Lht14p2V2sQhS5vz3wCnqx5zWBPpEAnUWReAvq3RWfo,7WWj7HD3y79UHQsdvWZ1Y9NadVwkLVBvu2k5kQ5ZSZhF,63,nft
EVFRMWJb6thCtnFTji7U98PbtPYFVHMzi8ph3tJqdBDD,F3Hy38uaXDqiMLibnp4Jy6GF58y6RQiNTAyceNLvWDrT,64,nft
EVFRMWJb6thCtnFTji7U98PbtPYFVHMzi8ph3tJqdBDD,GVoTpMmdkbi2mNQHkGWoF7UyWf2fSC8q4a7eQjsqT2cp,64,nft
EVFRMWJb6thCtnFTji7U98PbtPYFVHMzi8ph3tJqdBDD,7M6erhwPsJKLjspioFN58yiof6jhAsua5iKgfHTrP8E7,64,nft
21KqtqBVw3pAyRr4nNUejg7dcajtCVMCN2iByfDY3cRw,64gmnvEs25JGnsZJARnr3zpv2S9Ni2secWF5qHR81qwz,65,nft
21KqtqBVw3pAyRr4nNUejg7dcajtCVMCN2iByfDY3cRw,okXNFAyWnBQzMpsG4KdCxZiMwEotmuxVL7JjSSYH737,65,nft
21KqtqBVw3pAyRr4nNUejg7dcajtCVMCN2iByfDY3cRw,5jCAvdEXmQFTZmKorNjoLcfTfqEqc4psZZTV2sqRLW4s,65,nft
EYiu1Lsb8HhUWnLMYfVUxKfT9bZRF3W7HCzgSd1kaMHF,86ET37Z8pkpdgh4JAEFnNP55AUTpC8GJ7QCo4TRduWht,66,nft
EYiu1Lsb8HhUWnLMYfVUxKfT9bZRF3W7HCzgSd1kaMHF,BSV2MsZznzk11C7SHn8MADWM914R2BFazSaA9a3yaXso,66,nft
EYiu1Lsb8HhUWnLMYfVUxKfT9bZRF3W7HCzgSd1kaMHF,H6B6n2b6TB9fRp1r7kfdVmjHc1YjvQkpxn9ii7S3UUCN,66,nft
8UVUS5oYyeuU9NsGk5JeHAhKvegdjQWXVArwfbaQtPQW,8TduweUjfex7Mnba8VbQL8WKh7jReJvekqte7DdojPAq,67,nft
8UVUS5oYyeuU9NsGk5JeHAhKvegdjQWXVArwfbaQtPQW,HUWPZkUi1bHwGcPigKdY55PFUrnSUGRhUeCezSTA1M8x,67,nft
EvPF8mobBMn31efXa4mhCoLSekrvaBHYsttU8j3qMb3i,G3t6wVWob4PWrCYf2kQ79tyKkuVxymaKdpjAdUCSFJ4y,68,nft
EvPF8mobBMn31efXa4mhCoLSekrvaBHYsttU8j3qMb3i,7Ur5Vtw74UJytixUADsFWujJjqJipm9FhXC6na65aV1e,68,nft
B6tqrET4NzzovnQRJsbr8RDMC1NtWZr7V1KkdP8zs6ap,3S8NA8Zyvm3YUdGQCou83amSxLMm2dZ8DLstJqEVaKbH,69,nft
FamHpBSeGjZhnr878yxqNYfag4XNR1Y8RCEGGM8ANZ1B,CUdmrt6umW4wu7DzttY7Mzahd9SKvXJP7Bab9sb7Zpmd,70,nft
3qCyxUVBnSGE3ptpqMex3kWsgj1e5M6bL6TdKcVH2omJ,DsPXXhzXwH9tPxm9virkw5ZSTQ3cK8ARBN5GEjwKbqQV,71,nft
AibKpPe5mTYXqUhKQQGVVUTiGEvpqUW8myFUc3Ttyyot,F76Kx4bMeXjZ3Xk84esww3j7y8ZG3EAiC3tAtMfHvMUP,72,nft
qJCkxAQ1SiaKpvh8vsA6DTSPhjQYtDctPhMB5KDJBVX,GzABetJBXp5Fbd17FdjSk2M44mr1h2YTkJ3WHifQVnkD,73,nft
qJCkxAQ1SiaKpvh8vsA6DTSPhjQYtDctPhMB5KDJBVX,AchLBAX53YnCP4MBeAM57YQGb9WxhHvshukn9MJ1LhGo,73,nft
99cnVm66G2vjiGZjZke3bqdZkQJDiH6Xr85NiEJZFc6G,4QXmMSwQ9fjjAxYzSpH13cnLLVUm8jfvbbxVqj3NxgMj,74,nft
EEwxtEYuhE4NBS66EmfscQUWj9U7hmrzDfu2qna9t6Nq,48oR69Nv4F1mEZ9PaQsWVDDxVwzq8dnBrAF4m5PCp4vU,75,nft
EEwxtEYuhE4NBS66EmfscQUWj9U7hmrzDfu2qna9t6Nq,68pLMaBnKqtemYfhGCzUYCFWZK3NH85Z6P8v8frN1m5H,75,nft
EEwxtEYuhE4NBS66EmfscQUWj9U7hmrzDfu2qna9t6Nq,5W2gCStm7Gxg7e2s1sZHwaUxUHjduyw1su4DqQgwU92K,75,nft
3yBFHBzEQgSaGyegQw3ML7QkWJMEoXxK4wwPgxaCN39i,G4aMdDiawhkUY4bsUUpF6M3dque48RSbfDB3CBpwmXtw,76,nft
25P6kKa8ACeCPPyCswhTgNWSgeLdQmPKxvA31c1obQVi,BBf5e4fDWq9CDFA1mPyZMuvWxLK8Z9pufpFvNTEW1VXS,77,nft
25P6kKa8ACeCPPyCswhTgNWSgeLdQmPKxvA31c1obQVi,AHaH49auvcTs7UWNuzULKTZq5Efh9y8mAVPUEuoU46cS,77,nft
5iPzZCNqcBokDsMWWZJnSAaajQhVZA7o9tf5JJnQ8Gv2,Dpdn93GUSkw4VstPKvwePVccgfnZ7D7ubXhoGNHqsEUE,78,nft
5iPzZCNqcBokDsMWWZJnSAaajQhVZA7o9tf5JJnQ8Gv2,29MS3wXJANMf1AaBcKyJerijEBw8ZXnzDDANX9F4bovB,78,nft
b6sUMt8vgxeRi5EFWHserM6BeXEoVCjyfj6ZQ7JaTjG,DVHzyvPMsqvCqKRHxdJy7cXmg5DvQ7o5LdpyUsWapHBT,79,nft
DFn4rbXSvs8i79WZXMfBhhUfN7aDdb8gNzY2mg4qWFJu,Hoy9H6CRrCQQ81w2AqknzMQS1FCDQeTouTTJkhuCQd5r,80,nft
H7EiHTUFMZYTydqv71rgheD8fvaJaUiGBZYtzQALRJew,9mBZmvyDKpmv9FR7feqHgUTpb3uKGizuGtPyHEEfNk86,81,nft
Grawmyick6HM3K8T7vLeUAzAGcE9ku8wBGs734dNfMeS,5BUzXjgB5G4RZ4d42RhoVPg4yYh6Qi7e5nU1TpGuVu6x,82,nft
DYCHHKP2nEfED8PiR3M62zK43u8vJxG1WLKTTTd5rr1T,GuDeH41wDeZbSD7TrDQoEHovqun122NEr53aV9XXag6q,83,nft
EpftWJP9gUiJzL4TRgAa7UPVKG1ygpDoDqKMkq81eits,FyYw2F8UiWQGW3SqyJ3XTWvGdhDLbJdEEFazGvDWkLQS,84,nft
3aRYyRS3iLufiNgDQpfwRkUuoKnFEzcFGfjMHnnKKARx,HcMU7pJyWtoHP55ee4v2aCbSF7mP6PevUeVpUhy5qyEr,85,nft
HfjRWWTX9qdJQaqNRzydYsCTYqUUEuNXhsAp3wco6C4x,GLLABCVb5RXjdYFksXWn45zBzKA9zWKxKxuq83HsJ4Sq,86,nft
Ef8v6L7duyhXYga6Mg4SmU3BN8K5Q7JonSSn8dYDztuR,9XGLGeppDLsJvU64mA6D4uLCzgpfDSaYG6tdBnN22q71,87,nft
8t2L1anJW8h7BHG4eCDwc3KiNxSVU2cACa3FhnA9rXuK,GbSH3tSWFHcJTbmcPA49TY7q1HxSGt5yiWJ17a84kW9m,88,nft
8t2L1anJW8h7BHG4eCDwc3KiNxSVU2cACa3FhnA9rXuK,B44JZthg3GoXfvX79x2jHd6BZWuz4fa9Y1Eecti9eWKT,88,nft
BX6wnzCTY693G442Q6G9Yuhe2DUKFUBTHTGwb9hN5a53,J21VW3RuK37w2DWbS2n4K76RUQ5CLBkNRRDWMnMJygik,89,nft
BX6wnzCTY693G442Q6G9Yuhe2DUKFUBTHTGwb9hN5a53,9QnmF2RyFDM8mEtniuYqbGK94UbgUAEGL6mdiZccSnQM,89,nft
JHLAknCRV8XMBLuiM44723LQCfP5xGLDDjn6AU1P1vQ,9vfGukUzaQRqMPGqJNb1GovR642xma3PPsMeugVd1SFx,90,nft
896Hhun9CmyUQt59FjKRckMVUg7bhz74ipZo2AszhKBL,5kpNA3iQ78z2G4wWUxLHCBxnLeM27WywTW7MdMqSddDi,91,nft
AMvAZ7Wr7KVxoXvu9oUhonStWpgbwoxinJRxW2ruDUfA,3srBay5ouxvkRSrcLQc5uusgDC1foTw9mxe5RgjVvfZQ,92,nft
AgwzWrhCbVDEf4pt9JgBW2YfaSKqGiiU6sQbK665VCmz,4GyqvQMdtvz3nrM9yW5qJazk3SvR95meUXWYwTuHeiFR,93,nft
rFLDJpu274pbuLubd9wRnsoaQftbXGYhF3z6hWoqiD3,DyTESFfn3cm8qGWLbvoWksUu3T3Am8oMTdqCs9frBZxN,94,nft
3Bn5yDy6s7jhBHnCsc87v9H8ifwQ1CAeCmDx3odiqtEb,ANfHrXjNTbhbbWtFy1Vq8zx26RUqdyAveh9pA9a4NFcH,95,nft
Axvg7txBYkb2TEeBm5xUytWZp7451zLqRx84g7WGBfNF,29KdEhkKU2ZVSqnbuQjfQcLK3sX8UhvdRJRuo5KFFf3d,96,nft
ASLTeGp3tLic6HfJu8dLT99wVtJC6fZrvBmYzWQnt16o,8P5TtzFnod5qg7D41fviXWcaV4wupX4GRuszgSMPtMFu,97,nft
BjaphMcnLky5CFLkhAawmmPJ6Zy644rY19CgavRZBpY5,AedAUHPzsVkwtkBV9ew9rAn3eFBrWq9ogj2GpKHbNL9C,98,nft