6Km2je9yL99MzJ3cNkSAxe2aywmVhWsScww5MxufAaGg,
HNGN1ve9kmiUTDpxeiSUSmpE8T1HuNFVGabFPWUYNMPK,
HXnrqiW9ybhoR2SbkZEdcyUM6mA5DTimGt3PdDug87dy,
BQF9xMc3uuJnDVHqZy3Uaray1EcQDAv7NkAEPiQyXYYu,
DHaotWnNJWxtWx8h5e3CjTkDKgjpTMNtYHGgZ92pUvpG,
CgsM7KA8A5cuQ62zmWbCvnJLdXmS3P1rTZteho2i2PA8,
2iqAyBwejBWJFgqh4BwejiZSedSQotiBm3pLdUe3Bz1R,
DcsrTo5nSQ8CnQrqn2t4nsmSwxjqkFpLGtYSEh7RL1hM,
FbWPxH7XWgSvWEqr5GqKirVnFF1kRRAiW5C4SEgbUGM3,
GfS7RmsxMNqGCL47eYCapuBp7uN9hfXPHF7cT76PvywW,
2VUNS2cA7kW7q2ks9RUmxGx2ww4EqK1DJALthttrrPJD,
5Q1gaCEwwG2Ku5axreaXwcNQPZX2gNYi2raKK995XZkB,
4GNnc9C3DX6MMNhrmfYko64pyTRNujeoygm1SaoZtQb3,
7nwA6FwhG8No2Rx5BCHJxg87jaTnCRD7digBwkp3WZEk,
DDc5nF2BKvAGEcA7pWfzXKTFUzueRxmw7bRE4SEs67AR,
2VsKvkDJ1Dy5TQ4MuQmvbr44nG9UAExeBr9GGory41x9,
DRjCSeYc7GwsJhqMQJvTX4wPcbyMxq4uyKJUWtVRXC1a,
8LqX8xmYxtZWRa2Fpvzj3zbk41dAvVHAx9C3ew5vrtCu,
CukxUhdjsrLzryMUX9iSdgrPzzeYYzLMjyL3YGCzMK1u,
CXWr5Hv9Fdfy8uD7pckYQ4LMeiE3U8PCpSrdzZoH5Mgq,
hNTNiaxVv2NReAsG1tM7cqtVBJUWHYt49MkiWsN8xc6,
AgwzWrhCbVDEf4pt9JgBW2YfaSKqGiiU6sQbK665VCmz,
EJKYs9dmn3Z9Lxf8WxUE7s6jAPzD8nwsM1MY5BHnpFwa,
FWMnsmFv6EvmtbMP4kHRHodgFMtgg1MBezKf5wsYfavq,
6mWnS3RVxUPtdTTD3V5hpxzyE6MknfFyn52rtu3ig5E1,
4pPrqq1kN8hZw98BdGvB4QKU8LFwazTM9mgrpCC6Dwqp,
8UVUS5oYyeuU9NsGk5JeHAhKvegdjQWXVArwfbaQtPQW,
GB81mqzWum7Jo6QDa1BC8TJjVJGCATfLY8zVppiiN1ug,
D8ihhojzDEVUuGYtBBPqXREyHfSVZhbFtNiYaSz3NHXc,
EurdJC4gSFPNDzJFDyP7Cy1qz5c8qxn3SHev1am5uEw2,
HEiL3ZEBeCsEKxxva8ZJV3isSMKBxCFDkSCNXmTZLnp3,
5o3Y3L7Ms7N8MAdR35zTkhXuFQFsn2oKMq3ipTx27uJS,
Ewoys7eY3BPxCy1JYcds9gG1eTsAPN9P3d735gZTWVR6,
2YzLm31u8xcpfAC4CtGLiaabiLjzgFPz1EhUmKJ7d75J,
7wXGRe3oAfCW1iTSE7aiiiakqpD5uL8LD2V7TRFN6mGS,
28sVvTdZPLLATsPtWpVgDZVWKkq6AiESkBJoGT7JbT3s,
9ze6cSPBTcvTKArmqKfDUdAiiP8tsmS7SMNR7BkKV9g5,
CSNEKw7xsTv2ED2Y55qVM3362A8fHDxgUmc8D4F8cKme,
Cmy8Jz3KiP7LkmFozFhJdGrTn7JooEJE3pzt2TMRB2S2,
3KGKm1ycEsFuqWaso8vK7MatzTtqTiCDcBo4pRmfiVAM,
ESyBdnjjDDxBGQvDF97Hy7S7F2AdbJUFMpU4CfJtkmDR,
CNjAamMGq8UUJbFZ3Wk1ipfN4AnDNericuCDK3V1Ky6v,
CfXw3bJXM6X5Kri577EeMHYFYUDAS6E3R1kkedXTbw2S,
HNr5mBYRmKX3K4iKu9YACEUbwftkA13Y6eW3VCGwvqfv,
FYM3X2ZTaeix1VQ9Puyji4A7ukZ16yHyg3qKM1WVD8Ww,
2qKX2yYcokx8zrR8h3XEmAHZniS1EVf7k1M8aGMq9zos,
CBCu3NM8WGmiSxLK8bQbB1VjW8Eb3PetZgYYziNDFcjM,
C3UVKTotAZ2bwEYQGsPjiYwdb4Cg9mJHr68P219cjxTo,
B3B5EvrQsRUryBX5sW75yoWpx8Tebj23FBtuDwwCZGpK,
3top2S96fZ8ARrzwCufWz8qDZuvaCvtv8ckp9QgegTfJ,
E5ZVW2Eo6dewE5U4y31LzCJY1dcevb912tQQc5BPaBLP,
4eHJPRUJ6xUwBJZoWc4GPVpcHb3kk5WHSsRB41NziPqi,
BXH2P2u3K7CK2LgE2WjvkTwqphSCchubLuFAFh8r1FZm,
9TEYWy72ehnoWHU7m2yQFpzV7XpkwRMkcrxKusfhJbn4,
GgXYmmczFvsg9FtxrQNWxvKUop4f1qxvCq9S82uNBbVq,
j4dwywu9ztjdjtEuuhGphRFhmWvPKBP2sKKdjEAQocy,
3SJ6yfmT67X9LoiGU6xCQbSiXXza2uq3BrBDYirtx2bP,
DrA6kGv95Jf1fmKeaSNWJSFo5nVRWcTrepvX4dePy6J2,
CeP9tDBBQvLoAkDKJu8nnXwJ5Tv6RFderwpkqPtHCUYm,
GPX6bymEFFLhZoVxbtDnRFRHuEx9Hdb1rCZxMHsQeM3h,
F4LNbBtek7LZfyahEB4aAqkx8vvNrPwk6MSSy4v4RPUm,
DSpE8vAvzc1dSQWfZhJhMVVUeyFXcBXwY2C1W2NndAzh,
Eb3DPdQ5KMcUWAVCD7P9VkL1defyj8zN3tVFvqRzoV6w,
EgGv1fWAwetJpF9ZxjU2kHD6NxHkXr2XH8v3jjXCrred,
25Ex9tXPP7A7pNUykNs3PXYN1ARMwVWscx4PmZHrrrcH,
F58zEzMFfQCfod68hq5LfUrMKxUeSHbxPFWyH7M4ZgC3,
5KQUiYYGkLy5vWoutruMkPBByvhRaNeq9WaVTTS1M4D1,
AcZCgcNgp5TJrfjut2rTVHJkXJjYf1mWjy4rdUGScwUK,
6hrk4dHySK6bSkjeGNGh8AiupxSuBeqYtzoWnCDtNX8w,
3j6nMaPjvASrQi1ozpmTJQdL1o6b2tzDkYEtcs4FSerx,
ENufeSjg3PqLLgoxfBc8uEtKgTFToqsPcAAWUXkZ8iZ5,
39mGgvVpc9dqjv4ptAox7bD37uW9ZUGCrxFEat4Ps848,
4XTcTN5NSer76hprw2gS1ejdtB2tD8pLJuW41bpns7kn,
2YfCkTDcdgFA7yxvtQQ5aTQZjHyNmmY51hnYUhWV4TSX,
HuhFaEzSsKP3kRmicnRz3efVUkYTTZhWWifoUPSp4M4C,
9T5C3HB7R1d3Cqtt7XbS5UMqaAtVjsUeWE55H7X898g6,
9vC1ksiZzmECByvQcVWp8fvM9typ3y5Y2o4MPiR7NiiB,
4JuUF42KQ4iJaDCyg6yfDzCLjPpNmmy5WnuR6Be18rXj,
HyHUaAnZrNoayXDoHU8RvW7QLzf6DhfuhUCY2X2j3TMt,
G3KGQAoFGZ7yGanTKuYX69ijMxRYuu9KAenaevf2k3SE,
Ac5qjrzm9tbRt3BsHUmxhGhtm6QQah42j543UcpsTeZp,
DfrX56NzuybJPHz1s6wqPB4vcsu4ztb3oCS4mPamZfnq,
FbU11zZsGgPasKeLZAsNE6Y4eSNUcB5ruev4jXQYhyeL,
8vS4pfiuitngutFDWBFdy4PavAgvq3XFkm75TsB7K5r5,
69uCRvdXRX5LJxLShXFB9Yd5gR95grZUWeKc8CXstCaN,
HeUXDxzQQ2etz2KTveWzAq1W9fvqYpyT1EsT6qk9tJgp,
8oJeWoU5guHtNPSfrRvCU43K3k4qDz6eUsv4bqpZN3V7,
GbRgqsMqKTjr21NcLpoaVf44zTTXfzRJBCZ6TTGzSYHw,
6qiJp6NUW38cDaDb18TTdvqwd8TJz8R8bkZqpYwnc45v,
H6H3UKq2Txaa99CaFPSdweQ69g2bGnzUjsGmakX8SbnQ,
HDFUcA2zFsQ5TjSZpBM5iawpmcDhdX3vi6s21wBA6xUM,
FUXvshKnkrpYHonhrkHRroFP8z4MsuezSuYJFC7f4RoN,
Dp9uCNUBX3aDpUKK9N1JAnuSCYEBDGTKUaZYBy8PtMwx,
qJCkxAQ1SiaKpvh8vsA6DTSPhjQYtDctPhMB5KDJBVX,
AKgNYa2hSaBRZyjdydyRTnqnPbhYo66doCCcqiFB436F,
Gzhbjc8Gf2gonxLFSWpxwLyUrDF5mvNKCproAMzFjQK6,
EvR7W2TrRFgDZHXoueWc4MuVR9ieRnJJLwU6PhmkugRi,
GdjYhA7hhN4eXCwJnyK1NbgK9zUKQQBQnUaTcBaLumei,
2RDbDX69x68qdhLAysUbJAXGVaozzYNB3Lg9Z16VstPW,
3gLKuVf3bbULwm83iVg8n9pkaJZFA2deGdKmdqesWiq7,
ttuLPd3YJ71wxt3DhsaF1v6YpHF87ca4D35EEMxbqwn,
9aCQzR3oCYSZwCCGY9WbGmpnZqHUyGrmAroQZVQeNfec,
CHmCJobohTFU4UjzXxKjwFGNggyAgE698PynuZoojsJB,
H4Pg4MwDZieXztCzdunQGoF81n36VWetWsoJjdpryAtr,
83USYKffNUmu7ZiX6RJnWmhx6yMB9z16eHABvBA6Qqe1,
14ViXAzPbn5PwXTXJaAWJD95zFvsWY3gsA3CN8Nvsw7z,
73dEZtvHTyHpnmsGN1HYJ5Bj7Dyfuv65EdNsu7Xa8gL5,
86LRn9vMwnfd4jq5W1ZTWXWHhCP9k9kymqDSezs8wmn5,
EFrvp8exhPZpVqTgMd9YGe7HyCLBHDiVnAGMtxT7RETj,
HrNnSLUqUwc4QGoxopCPSezLFZfJ4ZkEVp3oV2FoLJt5,
J1hBkcKjPeJkEWtTh3bsG2mqFBp1D7WAL86pv85THmVE,
DEEZMFGMNvVYETefgRf7RQRbuTKUkHd8e6nNFz4dJq6,
7c1hbNfNiom9xsBKaxFSYXCyahzqwiwaLodLdCwWNbdn,
GGmgmbomxhhAuLdAy4ECmdjKeFkZRtJrhGzceV4iU8U1,
E2HhNYouwyhwoDqK5WGx38dY7wCWVuSfjEPXFHkuhCJd,
E7UFC52PT76yXysnhbA1jscWzxCKzFfbpqgMFCpqpnfP,
D78ELz7VTqq27mrqauUwirHdrcEH89Xzhe7jkqWfjA2,
Q2UC4kVYvSdaknNMnHULgDGLWmdnB6dtX8rSDhqqHdL,
BuENrwibWLhFL3v42sa7dDnAm4P6NHdV5zReHzpp6z8B,
w83zUp8eDwrZnaARLnwgh36hJMzvixcx5YEFcTLpRDv,
383QkRjjTX8XRVprQx4Vab9KZYPb4foMDifYYEBZSxy4,
ErXRZWCwsXst8sLrctwm5sscp6uaZJdzZk6p9Py8KHHJ,
DcNJwy1FRnQJUw9mCJzsR6PFPcX1Ly6X5vQAKxSjoGJi,
FKZngF5Y4QvynD9HeU4p9nxVZcXfe25acxM2VQkndREi,
92rcUWhhKCpwYprDRPASNBtqWBV5HDwqEtu3YWCM1X9W,
HC7et6X1QHH9fvTS2fYoEDu3doaZqHNRNEb6cZKZGot2,
6snqB6wu2ahpFFnv78qmxkcE1FEvmSdCvyosxX28AJy8,
JAZzt84HG8Ebj3zCqkZtNWvbqfcS4yrcRfT8NPW785Dg,
8E92yMJmaH4uXRVsWgaSuT4VLKphgqFWvBk6BCS1Qqms,
CykL5U9rXSPa7esUjSWBBnUmZcbezEcP6t6VogpqDGZy,
9ZELP22ZmwwJdmcXxLxAYApGx6tJHLATadszpiUmAG3S,
3bxEhtnFHycmhRHvoKaZqj5N5ayXJQ7ajw7ynDyeyLxC,
Ej7wp9dFiT6JjjHDiTt7i7NZgjyxKj4KKE2y8ahJUKtE,
13PVLZ8z9PVQhcduz6vXr2RZn7eNehQ6b87Bm9Ao6mHe,
AJStWDe3rcKoRyXgkgbRyjtyQGZwzqy2qiyN8FJUTgZp,
H8LABKKpH2vSY7kaLaZfBtfCYX4uNUooMghuC3i4o2ap,
Cv3fHPuimVQF1Kp6P2ybeDz5Z9b1b53AZA9RHhcjyUVX,
4WZC4F5iRNmnnMvnWvrp4pwAnHER5xJekSiZJLeUJAkc,
FR2MSiRjtXdVLWvnzP6uLXhay9F8kmb7xZ2fcwg6K98Q,
GBwhgAEYAW5Z8NAtbQMh79LenLLZptZGk1jiS3fEhhz7,
Gf1My1ApLunpWp8ccJbw1bkPjeUzaZGJaHcL2cDP5UyD,
9VNLnZ6EYKNMtyZRpjgpKvC1EbbPvHRQuadFntjybuCb,
Apr8fuq4iJ3gmBA4fScYBVKBGqnRYd9hCBNEZQYvLK5D,
ERPdkHVPD5XWAHatzN1s748AT37QbpWwRw1RLNhK3XWQ,
ESst8HPQ2sCtkGNyYvszjqzjMUhd9PQS6bxZm9fGHc3Q,
A9j1G1B2TacPmXaEiu3bX5nCyso362UTWnQYZcTUhoZZ,
3hn5fWZEf2yUZcwU2CV2Wkvk7YDiysM8xBwmesFg7sN1,
8Qv8xzphjGMYF7YeHWAaJZtEduSZqKWQ8rcbMd7H3Kmt,
EbV97sTNMvZsvZPgBCajey2QEaLR2tStwDY9gLAbDQSv,
9jn4zR9DB2gRuxPZjZkzwtKnVfz9Gg4Ej8Zuq4HusVzg,
8bDJfYfrMLPig6XQCvWN8vhNAyMhqymXCyGk95dA4Cdt,
EiyiPwh5ivG2A4xsTmo3UREr3Se4h6Q2oeJUXyEjB9RA,
6Y5eiRfQ27UKP5a3NVnTfzLBRccLM8hiuyXJitrw6UVu,
FBLjWxvkX49YbzjhfLJQtBXEs34bA1yfG2WKZdpVxCfu,
C4YzYTgtctEqWacLU9xQvsYet1XmC5dxhhe4a8hjNRBs,
9dFnpFuYod3j6FF7fBnwgzbPWb2LNuxLxbEDufdGG6rx,
rE5ZGWkR1pkkwWMQCoznkT1M9cQETssiJy8uAb3BQva,
CdW83wcMoRAC7kA4xyMUT6ki9rW8txBLeC2fK2pSKPXv,
H9PqYnSKUXCwjxfE49PDjUqLhv8fYM6KX8beuCYXTujc,
8Ujg9iKoBatkK8z73dM1zH5W2wffvG2m9MzZXcYvvLy9,
7imqzMTHrvQB1ancKqojZrtfBc9RNrwFkKUG6hS4JcfN,
EgBnFTsYErGctPTtVEajX9wW75ZiiPZ3bNZchqhdKV6e,
EecjSBV8XpYQbMvFDnjHgd71sjJZRJeXBzvrF4tzExcZ,
66PLras2f2Uq2tR9sTdkxaZtJAd5K3TGM2qksw2CMdVT,
9d3BU4pvPC2E5AxeeWj8ZMNNH5yzFa7v6BZkvQ8AkKa2,
BWh3hPWKENccHtWr73mFurVAuD3x27n6VbRUWF8tCnDA,
HzaYJ3CVLUKS3kf4x5PPUSGYExGajLRyEvethZZNnyKb,
J3MzNcHLuEKcecFmzZ6vtANjJ3oAN2Ga3fyrK585Yjru,
8gx4cy3bbSgBkwzGUXuMW9bqSEzSyeLkLiLnL6AWHLEs,
GxAL2ZknF3ng12SjTcUxP3m9PjWnXVtS7GJuKTbWyL7T,
6JLPgTP6jvuzUbgU1PF2V3WAnLNiwAVapVkceeHC9hrA,
9iJnYnYWHXh5JEZbZsdh6ZdeRvTXmR65juvTj8BRktLU,
3yJVna5s6b3jRPnAPuxoTpFCXxmooNhx5yKh73zT5dWF,
Z6ZLcqavNMzpgCLjxtdjXh2Aiquru8kBbmCAFiimHVG,
CvDRhHweLn322NWp9Gf1fmmvmqPB4x7n72NYSKG4BzSX,
7ZpPxUqQM8ke4bgJYkf2fTTW8c6WSpZaGZFz2EYzDT8p,
9evrR9jARzPjWASi9qhxhKEr3shSk7YpfGP9haAKsnsU,
Hm2RbeaYTDNSHwsPhQLCaZyn5pnHwVGfj3HGPpAiXs8o,
HjtMaJWdkq4BXoN5gtCZ9Y3oUuupBoUVb5e9x6F2N3FJ