4okd2JS9bVgNX2S13oT1J1EyUQTi1qADAREgs1KbJsz4,1,
D9qcXqkAy5jHtsDJpqx2aYfdm35Krgmc6zwqgdV9J9uZ,4,
CNRQ6R6mbD4VjK9TpDjUfuTtx3cH1ygojGox8AEK5WYn,1,
9rhhrUR5scg5icefdNc9ytU8VqjQqrLwyWF5od8wi7EY,1,
DQTvYJE3ahDXEmin7Tcq3QgDL2UjW2BTM5WfdbmVzXFZ,1,
84EP86XSYJADvFwKPZwcQUqhxaTRPyASji8jJ3rBoPEd,1,
86FWCis17EKLZKu98pdga53XkJdTyXMxYT5zAMArsUwx,1,
AR2aCQ9qHXmy2J5hzn5sTYcextg1bW8uWqM4PoLDjgTs,1,
3zWJ821qmjBnvhKMHj4ZnfrZxBVvwrmKMb7osz44UYYa,1,
GftjMawt5PzoRToAXJSpwB4zcW1qmjs6MgRXX1Vje6CB,1,
47ipbJBBbV7P3qofpQ9mEYJxQ9Jr7wndEbWKYBKX5bMB,1,
BYaVkZfyoEzgBAdmquqrPA2Qa35X2EJwMqrqQzG6vyJV,1,
FjPPzNPetzQ7Pzb1bFsJJyxMNfGwga4UWJitTDEjcZCF,6,
BXKxNAT3oWur75kXuCN7zsWg6LUFPBbFtT3gS7NzNtGM,1,
APpPdkZ6Xdj8L9mVkKPWZrKpSAyr1FNPQVfvzHkBBqLm,1,
BqL2qSgVDGhHk5vSZoFc7Hn2VYUYvFEDUFCggNxz6CZZ,1,
6cEszvcxmjVAdmENMMEGbEFZoN1oUqHQGCJ34PoauMrS,1,
CCrrz2bD14e6owXa4kZF5peGLg5q9JFHXn9YHc3YKg9t,1,
FaxsKmdgZS1Gau1swEYaNoVTEcYU5EvN6eiPkrANxRgq,2,
2hYV8zhziSmfDrqQCxXGRBkQRteBaQ8QwQoGe334pEuc,2,
EEQH9voLCfyWnkVCyu9QJS18uoj6FpDvbKxkZGmL8GDz,1,
EYiu1Lsb8HhUWnLMYfVUxKfT9bZRF3W7HCzgSd1kaMHF,1,
7n8TP6TCW4siusfsF3n1zSGMgySyVtPTNKr3YYoM78YT,1,
E36QUJRZJXvMXHN3iq2R8XSuTPejk4a9yfWr6TzJJ66s,1,
DrBLCfTz8g46HHAL69ZGJsKYJymRJD4jSMEqeknFtit3,3,
CcEwWPraNxjqhjP2nuPiMKqWAFZB48kAhZj2HaYf1TtN,1,
HLD3ktvbAZTexLUqXxGm6uYcArJYQ2D4LkK13LMCaEZ8,1,
3qCyxUVBnSGE3ptpqMex3kWsgj1e5M6bL6TdKcVH2omJ,1,
Efd66fpNMAaT7N6oFkTwaer5yVsrT4rDdKiz5cgRdqoA,3,
FktcnikWYswwvRv1vc9Jqt2S6WeYG5CWGzwfUdJy6DNu,1,
G4F6f1emZqkN1D6xVkk3pzLHyzoaFycsmEQMTZbEN1WC,4,
JpyhfeShLucjBgnw2s5DFNEs3xLn26rb2zYK6KYNJmi,1,
D4Z6bycSwPrdjzwDKAcz1AheLcoGMC4hpqknYGszw4Rw,2,
CJ6Agy95Aw9Ps7VSPcq5UQ9xt5HAF264VrzAGEQ6zd9e,1,
4vMkphENkatt6f3vqDQHf3ZXLF86Zuw712ZxMM2Sp18T,1,
DRjCSeYc7GwsJhqMQJvTX4wPcbyMxq4uyKJUWtVRXC1a,21,
G2PWDmcAgmBDHCZLx3oA9niT8t72f273kyHgjzbLiBHE,1,
8vRUMSPq3mfe43XiJTP4h26QsLT4f5idXP94KVWENb5d,2,
7awDnnsaqSgjuzfaJm4KMDNLYSJpTsXx6SD556irRrq6,2,
B9eWorCGPVdgsrsCeXG8mh98oGJ3AtQigbyFM7bQSuQ5,1,
635KxDPabeHnm7bPPVoR2sSiw4kPzD7HAccK697yrfAM,1,
Dv5hxFozRqDRRi6TwcRxZcWffbsnD7qEnrGLiMgzAt7W,1,
4ZWTRXqnHNS5aBjRf26kwa3hPUH8LLg6gTFyGrcemBms,1,
DrbNWW7k4SSAapaQ1CxUNz9pYbT7grZ5EFVbjiEYddeP,1,
HRMmyYMtMZRHSWA3etnT7QY5b35q9NSE1WNa7ki3W3g9,1,
6zQrNmork2RWMmruSE3Bv4vRctuCnyLuDaQVCSbuH5vM,1,
24TLN65J6tGsk1xqFXXXJUwzodp59fhrVm5mMwSaoCJ5,1,
DYj5SrWWL5csFYwmv5stqAdSEdiywjGWtkhHHWo5riVV,1,
Q3ccJFciaHAYZkpsy4YuYzBZNiQUezG3JdTBvMBxKSh,1,
9J35RpKASuKxAxBKtRqvc7au2qwDDqGsLjMj1kuBefR1,1,
FGzutZfdWZeQRJuCSyGB89RU21YsweUmd6jjAc1BuAA3,1,
EuRa5XE4BEAgNPWcBMAP6HBeo96C4Je2cEebu4VZp9wL,1,
9kMYkxrycDiNkXdBSEc58g6VaczjmGNSDVQk2p2CRJou,1,
3c3cM7RKxoSh9ANoq1yJjSy6EQ1Twqa7BDaHQng4PRTh,2,
6XSoG3rXMrmjbyE5gXgdqzbgBHhaTtamVRFMTFMWqBbQ,1,
DN7vyYmBED7JazHecXcbNeNXCPU1Ato2pdGRKmJ8cRSn,4,
H6dLy6uUgxtU8KRgbbA9xkRZfXxp9QLTXafrADVXZzuP,1,
Gjb2iGHvwDSQM7yPNFqbC2rknBHNMVwaoUrkoAHgwJXm,1,
FHjSKs5b3prDSZxFgEJvPbYE7AMhY26u1Pji91fXrZG8,1,
4eU6TcHouFsxJnynzGM5TXxdVKFD8ZFWmkEs7ew42Kmh,1,
2r8L84ajif6Wfhvb16ytZUTGxwao2ReSmKLkNWM1uBvw,9,
3VMmcwWEjaqhWNG5JMrZjbr1AvxqfdxwKHNy1dyKFJ5x,2,
HBrw2RP5fiVBekChdjGMPkVNDyKxeen9A26tKTWPhpBj,4,
Fbk39NucWLznTcksQhQNanC2w6RfoKhYNcpiMV1ABc4c,1,
GhFyU1jBD9y3UsoWZ6GXjbs9wMvR6hmVT5Le7LNmYcwS,1,
3YdNWbaAKLvARJHPx4RC5yzUoxw7bpr3zHgqiTpYGCiM,1,
4j9TrXRr5cAjraS8V8YrsSmfZQuiqozLjfScp62JBpx1,1,
6UBfZYeGhMJb6WgmebjAVxH3j883ynxsuc32GPFbA3uS,1,
7ZiUaTnvHUn6pCqKmWq5BwaRaACQgJngH8onoMLJd9ha,1,
BC7vjRcMQPz76Tt1VQF9kuuNy49hUb45tcwaxyG1mG5K,1,
HSyco7CDwhs9zDAzrbnNJNDbpJEg8a5ScfBfbaawzAtf,1,
5ZFByr9iiAGaSsop1qkqGVRAcd3t9FErbXsWw74tj7TK,1,
8FMvcbz3oC4zUabf6xyAZ66bC22cJq83QkFDQTsyJpfE,1,
6Km2je9yL99MzJ3cNkSAxe2aywmVhWsScww5MxufAaGg,2,
CKNLjW659im9e4SuyUC3LYnQtAoPjYY226iQoWfH8pJ9,1,
5ncjtFviu7HfcHq6uRJBQFMQo9n8nXR17pRuey5WBNwT,1,
xzFZoh5D9Ahq69J2BVpsd9CAcftdc16KqTTG5wBuax8,1,
5yF9v5L3t6KCDFic2w2hmxYNZMs4EYNr3gA1TWJpTraD,4,
6chzr4HPnwYtb7qpchALUKvfh5YPyJjnpJFpHGrS2Eyg,3,
4LHbV6itV82Gseb2uMN9JuXve1Wi3BruUnGRHCW2mEBh,1,
gBJZdEDu4oSL3kZSdxGW1vvRLcy6Qtk9ywvViumpXFR,1,
EkmK5jTd8Gd5cG8w2np1StinUqyP5iftLkhtci95ZcQA,1,
4YhjpmwnknC9U3Yd7Xh7Hx9PRt4tm4e7fa7Zu2MB6L7P,1,
2eHhiDu94t6ejW9tXfstsSHs55UBtDMmbD83TncA7iwg,2,
CmK2T3v4S7yiaLcf3dmUiWAZ6zt3wBvgAdds8RKzgaQg,1,
HaKXx1QFVvYqLTfzKHp9bmPaWE5qZYGSQxpM2At3zUoF,1,
6QZPKc53NaZBMiBSUia5Mc2sTCTS6iPvU5Q4cCkdnRhe,1,
83eaZTmXCpFJwyBBjZ1wV8yzZEvhreCsmXDcxmRYzfjJ,1,
6wDJAA9cieNG7GfVjo89J1mi6jr7tqKRQnEDhHa5n3ZA,1,
3CYzNBFptQvVqNmqVd9HePpcYARdWLF9yjnF9HpjEpB5,2,
GwAbkeDjaux569f1YFP2w84Giog3jV5sf51QyYLuhYzS,1,
EY3JFChAFmQS17fDo62ZvxavafHxo2UzKGouoGyy6Ata,1,
CkjXkdTjUfbkyDQywrSNQS7F3mg7cxQrESzqK9wAFpnQ,1,
Ej43Hk8VaJFDwCwJBaR7TSRigo4VWL1xfasF8ew64Jdy,2,
3sDSqnTdAUr9j7Nn2NZdbcvhL9GWB2DFPiTWRAi3dUdm,1,
FUeoKyPk6UoZrcDYFam8UQ9XfoMvFqZPJQojBHxNh4Ab,3,
GwJTtGvv6Dr79JSxWkqdzoVyTQLEzqDfeZRX2N226Ctm,1,
Fyuqzgge3JiTidx5HUEkMV2Don1aKH7f3BsNxmKpK7Xa,1,
9YFtcgyAMJXU34YkXAEeDoT5cKG4pzE5aK5GWWkZTjwv,1,
AvGGznTwQVA1acgCCD5hnCiap3FYtegCJLjNTkS8qGst,1,
5QUAkB8ajRWCzkp529QUxdWKGYcNgeaeJa8UR819Huk,1,
2AZb4aC4aeu6mx7bxrZmcyfWxZKNJ6tZS88GVRwgjQDz,1,
BX6wnzCTY693G442Q6G9Yuhe2DUKFUBTHTGwb9hN5a53,1,
F2kD6xgsxtUmF5RDxK1dsjViwKDCjEwJ8gUJkRZgJ6NH,1,
DFn4rbXSvs8i79WZXMfBhhUfN7aDdb8gNzY2mg4qWFJu,1,
FYmk4kuxkzWsPaAobxmNSeZgmux4QRqVPvfXPqHA7uoE,1,
EJsdkvk7NEnkuAbok8jSpgyDq2EL8u1YgKU7UfLB2NVd,1,
DYhyznkRUkhtJL8vyXFEmCghMiVTbUuZZNY1e74B6CmK,1,
9639JKtVWLrPXJ73rn61JCiK1n2GsLd6bgscKjfi5To3,1,
D4MWjwSmU25TQqMEvHjnTimcuJTpRbShVCEQcq36haYB,1,
5b2gw4U4uU4Vo242jLoL1txzM13YzssNAatHxR2nyc5t,1,
8UVUS5oYyeuU9NsGk5JeHAhKvegdjQWXVArwfbaQtPQW,1,
HDSihCpwbS5QrdF1FKKUw7K28ERqMS1zczoYxxgaj5Z8,4,
BsfeDrGhGHmgpFLmuLVBbY2YPK6KzTUS3zzxnrrs5pCt,1,
9A4SKLA2Hb8LfJ8RaLuzaqfdUCych4FhA7fG3d7dxdbQ,11,
BpfYuffougQTbKgFexzTebHTfUSR98wDF4tmdx3ZTXoK,1,
7zqjKDpmW2VChUFy6rL3xXGGLPZWAkQi9kCbm39fQFQh,1,
FqRXiaGCPTknwME5xJDfKvTDctkMraBDqsVRcK7yG1kA,2,
6PgskHVwuFscCXANJNiTmCdXihEEwkDWi5ZvXmjT5s7k,1,
H7EiHTUFMZYTydqv71rgheD8fvaJaUiGBZYtzQALRJew,1,
EoMpYAoekxk737PfrNtKp3jXQHPg8pmfpHffDrKYSat3,2,
HmzUmGBBcdXNczkzMmCHuQWvGXFRBjdBpFq2DyNY8JZo,1,
BuuX1EtzQaow9ZBuotei2AfCHGcPFE5hznKXa6HsXQPd,1,
2ZB83cNoLxdJBX6JEngZiafxLaJdH2J55pw4ZcDNLtoL,2,
DBwA2hgSGY2FTCohwfDSMN4v446v5yrMK7i3ntHuJdZS,4,
4HctiB5CXchhjZrjAS31dBb1atnZCTCXQRfEJA2rsVKi,1,
3hn5fWZEf2yUZcwU2CV2Wkvk7YDiysM8xBwmesFg7sN1,2,
onqvtP1Eo477BRMfPWnxHnKPpRmLezvrkhmugcC1pJR,2,
GkPPcm7wwagQCZ53fr4azUQdxQDmnbWtSNMdTrtfbo5v,1,
7SEBDVjLEcvekr4aWnHNdq51DzuHeCSzKpZwfEcaQHLi,1,
6BSVfM9gSkW6ZYZoAjG2mfnd1QtbT5P8dRkf3PftnaCC,1,
6JY1U2Ads1gSN3VpuCeaamsfvSFgWmhgvNEELepMxukv,3,
5qHLuhLx3hgXgS8w59eMH4LS8DNrsBNnZ5HfJdyAav3J,1,
EJrenckFuhPHrkgqY68BP1xzZdnCF1LAT6xAcY9GMTiB,1,
8wTZNPsuMUZSDcgdMy1kBw9Yv6zBAvXCgkhPfNu9aMFV,1,
ANVVztibsqAgxUZ1swMQb4fXGXNnhdc76PitSLMZ8q6D,1,
BNajJPKQWeu6GqktWtnYBbkghrNMfCSpPHHdow8tzjmF,1,
9cGhSBV8AXbm32hnMWSPdZcDcVzEcjD2XQLmGerTirMK,1,
4hZxN9KtXwRA4w45RYvfk3a5BXuV71L3DVDbeLAkdZRk,1,
E8rs4WGeUzo62BUZEuT48JVUWqczZAF2huw7xgaRMr3x,10,
BxCN2jxqkTFDjDek4NQjRc34gT4iY829SVXVvGpRKea5,1,
ArjVUeXuvYP8qBCi177seV1vM6XvpC5yctkR8hPEXvjx,3,
CKweHes9jzXcg1wFUGDVR2P7mMv1ERtH73sq8xnYMxVn,1,
HZcrf6wGhVTG7w5nCojHWyyov5ST9xMeYcjac1imyn6c,5,
CUjYdF8SvHwM9xSEz7aRdiHRmN1AjSC2FwrnN5N7LRjT,1,
9PN9UChfMKtPCxEY17bF4sLvpWBeepsBmfzJe5jSoSad,10,
7QLh3UyTXDhhgqsPp1geFenB7ehC6krMx8z2gUqNrZAh,1,
CafGpKEDA6T3svwntk2fDKuQrcd5pP7zMHVy9bQ91eq4,1,
4ySijV8wiFnDNUfUsyB6YeEXprzH5Ui5bmAGpe1XQeCS,1,
92PejedtuCgz6iL8smCmEE1fB91qfTZKjDHXwLzv2bar,3,
B6o6yoQ8VhXMTvQuFrRvrJgEkC9Me3gmfwgtoX3iHt95,8,
5SGkGbsA5zak15v75xNHeCbf9ZK5gBHXh1iGpd1mTYiU,5,
7Z39U83f7EfNcPpNNR1TrKkgxkUDXTMpo2TgJWcrehRC,2,
CGXxQg6qLzsDeUTrdhwWgwgS1HY18WFUGpe4Qmi2H3ZR,1,
5GabQaQWPRgHF1yMqeVnAZ268Sg7oeSDwPUbPMSvhEyL,1,
E161YZCXpwT9mXTnpd8BfqhZLNQZGYRKDq9CJwn9hWaJ,1,
23QsytSrxLgPoZkyyUTyFcoJAdMZMax5wpZj12CwzhJN,1,
Hsmk6oavwTk6BtKvjEnwSgK8SW7vJAj7d4q787bffLC5,1,
7K14SqG41q9FyWikYj5BdnkTnvrxnwb5ixT956eNQb3s,1,
8F2ZScewAZnbjLLuDtDN87iiEmMpj2C6FJ3sGd2Nkt5n,1,
3c3eEEDC2Vp1jF7Bb8pm1Q9h5rmpbS2DRAa7CB2V3U1m,1,
6simnhyU6YRdrmfuPhwBuAz9YwC4MscQjavuSDe6nCjT,3,
6wuTWzAgjrbZyjHYrjbDZumynXdG6sZUHGwbSDtG5Rkw,2,
E92Cn6hoiDh36NFmLGoQFZgFUqwnpLoZaJNATat76Buo,2,
EihFVMwi6j1MHSUcwzqVh8kKvGvBstLBnA1c7eWkBtHR,1,
7XQZpNWNs66A3MuqJ9oc5yP4goZqyR6PcPH2qyY8egth,1,
HejYb56MYN9tvx7tq2dMqhpV4reVvvBKfUkMLnKPs3vK,1,
AXXUgjD21L6576drkHZDmTAz74QMF8qfeFjdHwqh2kYs,1,
3HfhrpsK88LY5DQPpsuxWQ7ARXPJ2dGRH8m7q5TLkEQi,1,
6jW3hX1RYBKe6vLAeWboyova9tPZqSTY6TLeYE5S5hPT,1,
4zEm28mBCvWjYz5E3Eq9wiDtytRnuaY82tW92f2Czfcn,1,
6j89g5idiBi5N5SEi4Z5qo2fzfCNC3hBB4diVHwp7Lx,1,
EseXG8Rij7hFiNzTf354Qjq8D6ur8UHttJkzfaXotQjo,1,
FVJyEWMsM2DRVRpBbkjM5S9ohFhheXdrT8QorD2jkgR6,3,
BzPWLMEwQfdGswqWyQbn2fWcDWMSU695KvPRfXLCQgTH,1,
7AN8beUb2V6pPiYdG7VEtLsUYeCV28ba1Vf4ecRsbU8a,1,
Ay6pCRkxa6E12J5NFL2inFXumpnQFm518dgesvTUxtix,1,
2n2eMBhAL8NCuXHvZWK86Yex8h1aSnQawP9frbNEiWBJ,1,
J3MzNcHLuEKcecFmzZ6vtANjJ3oAN2Ga3fyrK585Yjru,1,
3uahopsNv3CP7bwx9tVENNXRMe3KJD9H921X5kaCza5U,1,
FTxF6DLQyAYe8YusUhJc1v1aQaDxkMKzEARNfJkbAdbo,1,
EKExYCyFcUQFBm9WtJSWV4xawBpEAHRR5tHPxHpbLpmE,1,
7tHjudSq7ZUL9rpQHNPvtXcPijs9fgJUoUxcQSYMX2ZE,1,
7MnWgCo5ZeSNPtvmBghswtAKNDQcBHDL1EVoDTLi8iwh,1,
3aRYyRS3iLufiNgDQpfwRkUuoKnFEzcFGfjMHnnKKARx,1,
7FVPQSt8NfPV8z3UAtfnCdjqKEinpBuS8sskW2aoUf7S,1,
E7NkNZ9AK59xuFcJqfLiWBsgiq9ugpprVckqspuc34tg,1,
2MkGo2qFp2mBtxCszSR4zga957Gdw24Y6hbwi1edywjQ,1,
B6ns1CUq1XdpazEndKSkGLnxVfX8Q5iG8vUZ95MQZrN8,2,
5qYARPpvJhVZ2wrsknRGRxfBzse3biNtEa4KXqy1TgLr,1,
CKXMzncZiMjR7rNvSMZcmChjRdSnsRpMeFMwcxGAYPSg,1,
H9uyF8iJEuzUZkZKgHyq2tG8GeQGdBPo3g2PLnhi94oD,1,
896Hhun9CmyUQt59FjKRckMVUg7bhz74ipZo2AszhKBL,1,
F1pUR9RwibhNkCeN1fCpqSMoeA6iy5FmT6x1ZSnCAPg4,1,
jZ6TM9QG4o8Cbvnp5MbGe6WCGPjxjePkebCamcQrTxu,1,
7fNLzu5k5vFGyYGTd6RJu7gDFFgM5V6rHaqHVLr7TqrQ,1,
GgRibNBbAep1yg8aWzQ3JJgpod7eHn5EzB1PKQkvgM7t,1,
3cdPRRsb5ZrSwMmX6GAdqtMBAkYy26nJrpBJegFV3mAN,2,
8uNH6CWcZKst23S89KNh7jhAWehVmjp9NcC4kvASgmCr,1,
98DWYiuV6urPHALx9iWGiJQJ8v7Mx1zD1AM5pvvezE61,1,
8EkfV23o4KobxYJHUWJAhQKjiJ2zLewGCbdq13423Hvw,1,
DS52dMtnijaD1Lb3dNPr2sh5huKxhibrN8ZRAbDe4uBg,1,
wTqHEAP45UBXYGYwVbKUh42YKMJep9Boo4macWdaz2g,1,
Hhw1wGLAsEtp4aJrK7eKnjya3ZiKxNqWTevnrKKGRZsX,1,
ASLTeGp3tLic6HfJu8dLT99wVtJC6fZrvBmYzWQnt16o,1,
GkoaCYMUQBZZnnJzxXA8sucB9LMCnS7o5vp1xiSwgs8n,1,
4gYxbsuutjw2aY6rgbh7VXdCa5wGDkCHS7rPsTMnp8xM,1,
2BULwGHffhB661MyJCiWtYvoHJGdwcmKYgFrFpMEYL89,1,
7Q3PX3i4pYWkq4UadXie5jkdkdX6f2UKFxpbVZnzeMr2,1,
CiY241tATeGCLzoquQQQMsjcFLWoa16ENDPZGnvwztGh,1,
8W2bEiPrg91x2vw4oEaWSiu3JYcGB8tBT9wqfFuWVwu,4,
5VRPNejtC5dwL4Ff99vZu8wvsQBumTgKd237V2RZQ5TX,1,
4KCNxxAUW3ZvZZdSQVXB9VwrJh96gUgyHcFhRjpCptsY,1,
7epA6WZrqAqzdcDDsZ1vYfPGsGrzTe1mRVRSWLG73Ae6,1,
DKuHonENPz8prxZYpeThj5Pmz1hEvydt5LjQUMUcfM8,1,
5EtCT1idgTT8G4QVU5vVFPXSiXR7vzDJ94deTFNQ1vaP,3,
3B8sKEcUoGawo7HqkFHTmbUPuPyaAgbaRygC5fPc6Dic,1,
3t9U23y2Wjzsicf63Fno96FFqyKWeRYwitZ2QxiMjfd2,1,
9f2VueNUpvCn52nSSZimR3tKomwXJRoU8BAHWBuQ3DRG,1,
2pHYtNUD2sZX2UdYzyJu6hKdU3XAaJZg7w52bksRkdQ9,5,
DQBtfZuqQewLkkPHaMeaiLi7ufBQLewLmYpLnAhLuMY6,1,
DVpgVdTB5ztUAUgfR6n3xqP1eGbxzmjyby93e1R1TFi7,1,
7VnkWxJLCvakBHFzeamjvhkRUY3Kuc9hCmSz47VrCb3D,1,
FeGDpYchKYhLaN8kAawe83UGVcyfhE8cx26DEfwmkm6z,1,
JBKVbGpPypVZwyFXK6jSWtG6qhw85VNgtNy29mUz3YhY,1,
7r683T1aSt8erqSTbvBR7rhV78gJmLbJYyLYnWtquWpQ,1,
Abwqbhw4LnSy2UnwY531V2ftsckx8bk4Ci9mNQncHXh6,1,
EVFRMWJb6thCtnFTji7U98PbtPYFVHMzi8ph3tJqdBDD,1,
DL2FYqSZBDSKyUgQrycYv18dDvvs5xEmu8S8Rakzqc5u,1,
D6RG8aRiLZGv596MfidjnwpGdB7shTMKxVokEBsCPX6i,2,
3rTKX3PbBo2m5Y88H3RTbSGbMFD7bxdE4jTgw4zMgnhd,1,
5PrSyViqMdvZLitPSppcWSJbVWjdnNCzE3jY4vr8hBom,2,
88aC9jK9k2g7a9jCu2cHqpExSKHPp5VM5tDNKkPMjmcs,1,
8Kt5SwJCqXgKdZ7CShw6j3HcuxUcyhkCqiWaZRHiCxNt,1,
4sdNGggVzJDZmL8WMKVgsyDLMDh3dJ4zxoBbeH2AUvgv,1,
7g3Lkwow5EYzn25GoPusgK4Yf5fKN7ynsd8CaWnqUbbx,1,
2z24MtMNGjvsWnxzcT78cQMMXvc6oSFiWzJiATGcvKX9,1,
D1fn91x2kUakUfLtZd3WiqJkgTB9ULtPAnWBRfUNLXDc,1,
CT2YpSHLNdapKnnDh7piy4Goi16aN8JLyM5RJhDZgo4e,1,
2fKePaosJmPYdEFfLzRCoCBnAJNtiBrcu91aXLiH4oKN,1,
CvDRhHweLn322NWp9Gf1fmmvmqPB4x7n72NYSKG4BzSX,5,
AWkdMToMKriP6rhEGKezXHyZQFEmJBgfoiPhjHUtSHgn,1,
AkzQ1H119kgLNsujWMnLVtgQgM79YU6kUCUgcsWEB3Lw,1,
BwM3CKL2UHhxHfi7oDdLBxNqZrBSTiHjmWsXoSWuJEGD,1,
9TmGgkRkf2QsrFe6Ssb9staj32FsTccmPHEc6QJSAz4s,1,
6W3HNEweX2dNViWscpyuL8iVDx2iniZRPp3rakr2kS3o,1,
65LvdaPHY5LxyAQACeuSFNkYoU16NCWARyx3nLCFQKv2,1,
9m8FXc4v2PLJc62biS8S6HPDkDBZxCyMTThv29TQyzUf,1,
8Ne2nGQrgkLcrZdMtK5Y6UCofPDi5FYW1oV3kA1nvVj9,1,
9U2MUDG1nfx539y3UksmetRB8TtA8UTvYfRTP3XdALhs,1,
2P1vJsn11qf29xzjcWY3oSTSEqf8AULsvmWy312RydM5,1,
4JDNXZrrAdoY4ouZmfsbEyjXP2KNeGhkNy3hV8uqFscp,1,
CdfZ4j6Vu1Q5wdwkhZhFfTu7fcDZLX9EQ9V15TUpzT4C,1,
E46ukjv6UHmiJtCzoseaLBVSoadwroZ2NE3fWVyuqCQ6,1,
HdWttnPyyULveYpHpXXCXqFmJMLbfZwJHw9pvYGaRkos,2,
2V8BqHvfzhtQYg1sg35uRPfpeiMaJSABvcJSQDgXGnQN,1,
67zNcLTArRPcMJEh9bkLH7BkSrCdZ8zk9vrr26J5maYN,1,
6fkMsmZzfVddCTQP7zvKsKT48L8JHArmxqMFztPyzoZy,1,
8qDzbrsrnav3zv4Mm2bghnC5mKKwqcPc8j1bqN1Nf1v2,1,
3cd3axfUZcXfG5sYiFYQLSdsEtiWovgfFLYEAJkjH4zu,1,
5bbMweDMFCeoo1t6oCfgwH12qm9esgAd5D9typScumH7,2,
DE4sXiWyFqAv5HRFcoLBHajJAhxuhKxUKXorf1oicKZu,1,
4dBNn8t3EHn9fpRAi1KTysSfsrNkw4kr1P9ACqfcQDYv,1,
DHcjTd38bWeYQo3MfSW5dZbFZZbabJXxLJZRRucVsvcN,1,
BPybTydgX5ZLbw85WJPd6QxdHk9VHWWsiDuGz14vHZGG,1,
3Ls9oAB4qZd4VvfanMP7bzfWZJtTk67xi5ALcWsVhqtE,2,
nyqgY89deN2CJcnTuNAmDxziY4hhG3rUvcb5GM32MwF,1,
GEzCN23h9CoBtmXWhKrSoBZuRJEuVVtj8NctrsmoYfsu,1,
J5VSZapbGHqk6B8ahGUy8cYEFhpxzbbrqRczQ8BVnoyq,2,
FG4odFFtcA5UvtMXX3xGAWEEzDtrX5GPjdRxukTMWdei,1,
8M1QCDpyrZHhQr4BH3hJTb5EJVSk1vu4yntHxxoGpNo4,1,
EEwxtEYuhE4NBS66EmfscQUWj9U7hmrzDfu2qna9t6Nq,2,
HMAUTVoVU3DoS5FSQbRMJ9pKceuwXP4jMWVzMr92C8gM,8,
Hc1he714USKYU15wdXYMFb7BqhxcnVXDkECU8A9enyXx,1,
6CtrTuNjGyPNnyBVTFjLHwQfsdDHr6zazq32ZYEQdiVR,1,
3GccwiA1uMMviuzLmHhtV45JMEUAW5ye1WNaqJWANJDK,1,
Aj3KgMKZbMZYfS68nSMbHbRGn89rGEa2zepAEmHPFqM1,1,
6KrNspNXTc9QjneVVaeihSgWnvJddWFRdL1qwgHNDpDL,1,
FKMrrPLEhCtBkrBFKnT6vE6ajSXVb9PYS69wvoYvv16i,1,
AibKpPe5mTYXqUhKQQGVVUTiGEvpqUW8myFUc3Ttyyot,1,
Byq5C3XbnzrvXqkxjdCgKTjx8nsBSxRXu3N7ZjkXsNJy,1,
5iPzZCNqcBokDsMWWZJnSAaajQhVZA7o9tf5JJnQ8Gv2,1,
DoYRJY3RurDsjHetxHVGKqwKvfxNEznBMfdEqe6QJwSR,1,
9CfUG2RQgrEtMwjVs9Dt15GYYwepyCQPJXhKJvk6Du7o,1,
E8f7XZQs1MMzWhMtP57yXM9Xfp83eT29B8vyQ7shF35P,1,
7tw4wmJLRwk1KabVwE6aVYHZPFLRN3ZboDhvFsbRfxVo,2,
BbVaLM65p9dq5etas2Nf9utfmvZRsy6uQxL6bQ5Peh9H,1,
BLnRRWkpxSSzrMmwhdMCVoFPbDYL5K2rWQdqbj9a7Acq,1,
EieNozhJrd191fLnPTMx8cevCEHWPfkagHHpiHeiDK5U,1,
7kmLkrwv2vwBCmssxoXxgMc4sUq27p6ah9FHiNEMUBru,1,
2EZmUJuoR3516R2Ba9aY72KxjVou1fD1HyQKGFbmun9y,1,
2fhYFZK5sk9fXPMdCh2HxRGX71gPySxQH6NW4jE3D8gc,1,
CUy1c7v4KG7zjq2oAVAzQrmPYKakjRR5xEqMRjPz6rjk,1,
8x4q8GiCE4rkxdGofFAdBHWceuuZ2834XLDE7AeGD4vE,1,
EGAvuL6jTEYeb36UTx3tNFNC8KU3xs121bjUuYvapjgY,1,
7HHtqfjkAz8gnLT6unfRimGLFiLVzfT4YwcUK4QY4mbu,1,
93fsVjshWKkVsn1sdvtBnXwosX7FwzMNzYUq2N8LXtJi,1,
DsgutaheSyC5EZErn6RLfWYzpuvZsyKtRCJSxqATQc7v,1,
Drue9xbiguCpnFVEY1zcVhfsFw2wyivFNAS6LwVvSyPt,1,
H2b9eJdFN5AjxvuZn9HJax2AinAbS7Dwa1kSmDzwv8xM,1,
7fKHeoYRuUrnvFd62kZhyuVtJufdkmiZb1aVLrPwK3vp,1,
6hKShgryGLhF8vmkzHm2zo1pBsYWUTJ3PMcifN5wBAnw,1,
GrkxpGr75YCMRXBe38mUJAx3HcXS3etTDTmVDJ9tp6UP,4,
8MQuZQ1KkAwd1L4brHvDHp1X4XKGgp7hC2GG1TBtWm7A,1,
FJTfzvsbahzLYtcDxiCVzYe5E2XHsREL84cv4mrXNVAC,2,
8YKFEaSeRmSKTLcXKA9PGrR2WqoQ2WTeGF9Kh6H4Tf3q,1,
2wcdvkEbbPbkhqMLxCi9PT5uk4nnqADThADRMWEpiyDz,1,
DpmsL1pi3jktq5aF4wpiPgrjhoKGKEJNa5818hY1SuJ2,1,
EYKe9ntbErQZd9aKKoe9xJqYUVCNVA5tDEqhsbYd5mL8,2,
7Tpzt3wFtq5kAgehinbSRaLP7UXFXxzP33FQq6VstgV9,1,
HfmL6ZCfCNq5zTSjazXnMdALoLayWSQsUkZPmjVf36LK,1,
82oxTNEh7ove6ffnxzhnuvKqukm7Vevmaw5DUnJkaoSM,1,
BhsAmQndksgpeVmSCmFWKBTxRHujMaigs1W7jLttsWrC,1,
8pQYD2nY7zpACfT2kn9BxrWFwwNDLS7qw1Q8n2vrrwfn,5,
5hiLX9hjRYjPYk3NmjjgHdCwEzneArhNuF2DnpTZaVyX,1,
6mVbEsGejv4aPNRnV5z2229ynLAaJp6zf2Ao2VFsSgyy,11,
6yqDd4PH2zQLPN1M2JMZYCT6CHFt276WoeUCP7uQbgCG,1,
qg7pNNZq7qDQuc6Xkd1x4NvS2VM3aHtCqHEzucZxRGA,1,
2RjSRnM9bUskLVPX7GqC4pYeV4avnWV2hxprCcPKnVJY,1,
9qBwAa3ag7xJd5E6uFF6NvfCGXNJaeaXZnVunhxk3NEa,1,
DayEW21WR5gvwvawr7LWuUTtv8FziwqF53gV7cu1GDMy,1,
6S7PUER3NCWYLgZWL1dcmn5kDtg9nyiZ8A9uMbvmYLR9,1,
9U8efwEFjuSt3u13544PZLDRaeDwLHJ1NqvdpxhiVmaT,1,
Dd2XpXVKxT243fpaGsAVQj5GWBU7pBAo6JqZoxEzfKJC,1,
GbRgqsMqKTjr21NcLpoaVf44zTTXfzRJBCZ6TTGzSYHw,1,
J1pkfmG38584tsBUCtuyjqVDorV7xP4QafaTDxWo1rWt,1,
FrqCT9NqLWGsR5SYo6p47MY3bGSCtxW4NgMRXTiiDXk4,1,
2amBJvxThcmHptjLf1p46oQcBtDELkLx4UsWhPoycSSZ,1,
FMLw1q1RbWHJFxyRzGDPhTjULAQNHKZCnRwpY9zjf11a,1,
8SB9JWqJXu9DdBDbmNQUjJsVH26BBLCTfkXVFJMTMcDN,1,
G6kpp2gK3ZS2oa7ea8kPSiJu7bxWzgiD82sZEt3vc7bM,1,
z7hWqEMNbWz1LjZRb4KFCj4BEarpKE6eNxX2H8keEmB,1,
55VAJSwhb7SzRU3tuCUxv8H7t5YFNyeeo1BQ2wsxKYi9,1,
57dSCzrhKFSiLn68f8UBPikUbtqDboVHYum1M1duVq6B,1,
8kxrqzDLtHeW2LjrT1xhrGWcNSALpiX3FW6jeeftL4SQ,1,
CXnJtigeNwnTaK3hpu8Wrn12fLVVUfDHmKJYtrXyWWf8,5,
Grawmyick6HM3K8T7vLeUAzAGcE9ku8wBGs734dNfMeS,1,
21KqtqBVw3pAyRr4nNUejg7dcajtCVMCN2iByfDY3cRw,1,
BkkSym7um75nycr2dnBauvXvFigJ6gztDKY7uSf18H7Z,1,
ASt1Vk3o6YQJfw6sGpjPmzFudtEAToZ36L6AqciA8AVJ,1,
Hkj1qNn3iKf7s5waWomSr8WdFEAKRYM2RFQdYcXeEyJM,1,
Bc6TNAPUr7fGvWt9ukEcVgy8GsUAb2z4VmExm5DxbCvb,1,
Fvin5dEEsj64hT3WvnEE7RTruzQNu39HGmrmVae3YbR7,1,
62THyzeXv1SsWH8ChKr4d1amd6KzFNyzZcywjfJsEnEf,2,
HtaxguSU52YFovF5EY2Y38x8dGj6mpjxccE5QyfWXkUX,1,
GMUZunWxAdeEx8zz58fpSXL8YC6uC12G6a5UYWToYNZf,1,
5CMsBYRMn3hqHoc9XttPhApnMFpdEN8ai14HxUiDPMRG,1,
G2soNMKJJCVsszQFXLn5TW2Z9krY9Qt1krH2iToKpsAe,1,
75SsftLVtyei8cdbPQyjGmEJuctZkPCKo9L3dcGbRPTP,1,
5QXxnm9ZcwcFJGQsKhCjuSngc9BhR2RQXjx1f7rFr3d6,1,
2ttVCvT3qZRmLbsjMrk2vxmu99joeravVKef4YWHX54M,1,
B8KAqsRaG2Gci5PhLBY8EWTdEgXkS6V6LuGNQCvhV3hm,1,
ps9Tkk19dujrfgup8WdDawkQ3zTrnumjRgbAQH3idNJ,1,
6pgh5PJxpAN8FN6zJ4UJomfskGsmPha1MC2h24bSLqAt,1,
8YSMdNCENoKhNNBhYGQ7ZJyENXiVPEC6MdRKMU9iNvmr,1,
6M8cmuj8WB3abNV6R3FHsxpuyzjbaPeVfkzGQQpGk46R,1,
4pvJtFyYp1fReJ6P4XbYu1Xu8jG9ECEmfCN3v7eqSUos,1,
BFsMWMoTm3p1KKweiHxMcAZnVRZ1ZE7yBSmKJxTb1b8p,1,
GeJWKQYKPNMa6iHwAF4MgRDms4jXhrsNT83KCf2A6iqy,1,
9UJQveSHnhEcut2C7cufE8VKiu4HZ24S44xxpmFGKCvv,1,
BoTnuV1PJm4NMNxaCe1RwGMUf5HDRGAVYAgQnPi2jqL6,6,
FviXfKAoFSeynWFG6UVPqC66pKFsDw3yxppXVn7F6xC5,3,
2Btw9K617JwuBrXa6FLDimU2rg5y4uEmgK2jGqVmxNi2,1,
8Wkr3jAYrh2fhQBgJ2ekMj6yfVyXtCmBsSBhDPhmjuZR,1,
3S1yqbJifoDfEBWYrM3KYHAA7mFcdCQvRhYaNF1b91Rc,1,
BHpQMZuJnUSC2dgCa1sEJsqYhoZEY9ya9F7djuyLzzxy,1,
GmpjTy44PszwrjrTCjJdbLkw7k6kX1BrYWXbtobhX8SA,1,
GZtdXEHt12jVAWyeHZArrbXgCp9dhkB694Z8N6aMgzsB,1,
2LbhLbPCRcTMfX4BThWczxJxmM4mbz9eN2e4miGxyYbg,1,
37E6U5dUk6dQDS2zLQ3b2698JL3Z6DuK8uXCKfykbTtE,1,
4kJScskiS9ygh16Nwk3Sr3P65kFmBuPtq2seaPYnjMDS,1,
CrRQAyM46h2qeNrw8EdxdwEjcKH1FhYtFnChrbMUFkZ,1,
FXu8DTgjWZ3oY17F7QzUvD8iEBmGcM1NmyBkZYyXPJVW,1,
EqLFbB3siaf9dSd2UuemDDbEhNg9KBfqKzE4erQCi956,1,
E7U6z5yXNsfgrUkM6DwifnQXZhzVe8zMJs8VgopdmP31,1,
5o3Y3L7Ms7N8MAdR35zTkhXuFQFsn2oKMq3ipTx27uJS,1,
En5AkqJQLezxj4TR1xZwEDyXVK2ADomEda3toU97U7Xt,1,
9re7GGpe9nBs4yuKpPU34ewkJAh1CNFxnqWj9VCycCcP,1,
2Gvwc5bbhqdzfXg4HCbaivbYCyyCuTJFhZjxiEdpgccE,1,
6dxzNCb7XAiJo2cUzQiHnRFm7GpyDwNRD8wGH3njVKP,1,
FLJ8cwrag7zb53Z83AbQXdjMg2vpLjZJG3poR4fkJK4H,1,
E5FLKH16BZPPe4rRfWecmZ1ykDcz2WkA1RTDaxQ5MmbY,1,
C7oW83J4GS3NksqxxEZqkvFyJiJVWRD5Wz3tE8pY6GUx,1,
3DSXZHqhoiSZ2xKk1iApBD2icMosWUAWGYePSLteZ54w,1,
4tu9fjczdV1PCe6vj1xt1FzmHdtUpYCvVk4V1muxV1Sq,1,
6319fDkraT8wBS6bP4h47YnxcB6KVRAomPR7jKqAtD3n,1,
2vTuPvovt4RB9KYguvFLx9jhDqEcyqtp4q8DT7GhXa4u,1,
sivCiVm4JBZW4L9yWoHmcqR2xHx6quV9WF1gviE6SE2,1,
BjXTTaSCCLVHvvPUBRQRLakAGETE7TGcWdap8N6w4erA,1,
Dq9dc7yYCjceaoMQ5npt2cxKwuNtefjAXHd5U7ePBwCT,1,
3xf44JEL2TsnzuVfZWRoUge7Hg2PU6vb1ChsusvQwqLX,1,
8fNsw2xDpvXNNEQx4T7RxWWZ1seWTmgYFFG5FtdxZVsC,2,
6mpRjRmQiEWTykWPBsBf7MeRwBF2q9qPkFf1BxvDJxaa,1,
HHRBu6ezViUDi7be1fYSRGmH4HSifVR4UvuitYiZChnt,1,
2o23krZ7rGGpoJ55F9b337NsMh3B4Cv7rVkpisaVknsz,1,
EjjsekruNS4h7YpKo37aSRu1XDjUUYMEJFqk7FbBZQEK,1,
7Z1aAKpza1nupr9t3GZwEQdHRRTauUxvHjY3kMRZ2eZ9,1,
6dZpHvpDi1JzFdC8YySfdHHTh625rYUqoi5SmrZFPEQf,1,
25afdyYqH8UvRKtABHwVFqkNBXg1zJf8oVRTaethM23x,1,
3yCkkoxcJsndDE528ZczcAehc53dkn5hMQFcTiP57KdJ,1,
Ef8v6L7duyhXYga6Mg4SmU3BN8K5Q7JonSSn8dYDztuR,1,
695pqs3VdB3TzrHiCSvkzapNL2GtUwPo2z9hRP9enAb9,1,
GYLru9bfAsLTXRpn8QQonnyB9hMyyrhdNqk42JVymSAm,1,
BDCyt1NrCLPF6CC3K2QukxHgT4RiDYGb3c5Y2xx1tWsp,1,
5tQkLPny3TctmCPNQH1xVXS6ziv9wshADVHeyodW1VgS,1,
HTTQUCGsW2StXJLSy9ERAuSMxwf2fxdPu58odG4WLirC,1,
CrzZVV4DSqPQmqGQ129SToSNbCAkgdVx3MXEEaSc2ecu,1,
8FobUcbdUD3SSY8kRrNxV1THhkmdWH9rfju5J9Deh9T5,1,
CwGecEMRtia4TQRi3mAEnvnDnud4KdsnfuX88mmEvhCV,1,
BVB29qmdqkEBEVvZyJvpGJrkt18auvpgcvvewSfyXbTp,1,
BzsQ9qerFzQUJ6PFpFAcS3qdmUPgByB5Dttt5PBigMs8,1,
8fRu3NKyJeBEroi2uExhAYxoQa5DvEDwRMfKWN93j1cc,1,
CwCLrLT2LTWyJJoAnC42oTcJr27y24Rfq8ax8b68QFug,1,
7LN9oWeEZg5PoAEVzCGwtp3JpsaLq8FFEn3uknbDMAFm,1,
GQkyaWVZ8id2jtEiDnLe4XMnmAe2u4uzBSPSPSdqJtm5,1,
9WaHYz4SkxDiDLe3ztJ8vR3bmnE1mXetBMmAXeHoa9kW,2,
HxEvJqMmoBSgX4KfHGkgDBQrazkvYMduP1xap5XRNHWV,1,
EzY7iQqN8tCqZA1uUBVgn6fmJjWXHfMZLKfLJxAhggom,1,
CNwydcVhWUhLeRbsqFXJqpd1xFEwZMJPEfb9vGb6XKKT,1,
3nbLmGeYurTtwkBfonyGDgTyrwoQsA5T5uC6CjwBSdNd,1,
6RThqrcYEhUmMezRuf1MNUw5pf7DW7M9C1d5Xi65GY1K,1,
7r8brXotwcZArbFFzoWaSETMYmM2s1q8j8Jx4rfdMtuL,1,
914oZGiNqrJiSj1SSnV5tb9Pt8hXt2s2QJqrNJzzU55,1,
DeVgnpVYatEh1XsEB2eNsDmg5YJbH9ozduiYgj9gWcHi,1,
278BGbewnnYHEwvwDwdwek4YfnpxA8ijJZKfFCJYovd6,1,
3n8sJV1irrWqRr6ToXib5Knnfys6ibFewuT9c8fY5eZs,1,
AShTK9B9NRTXVL1Z2xPKypiF5nW3d2bnQ636FoA9pxzW,1,
7sw4oe7bth6iRGyToBmrAb4AvXeCcpCi4xG2uhKnBeYi,1,
HT6greUHvLEBqGFna8LU12e9fWi6uaCp1DMSXoKSPWNL,1,
GgodrVYZNsZ4WsBG99EjmyTvWhdrMQEFJH2TYib7reHZ,1,
DGbqZ2Cqjn5M2qAj3Kpw9XTZDA3Wmbi236yLGnMzzMKU,1,
BFqG1kP3MRKkhkLpdLPN173F51U7yNsvKyDedcSNxD4,1,
8reDspRbDjrNF6sPQxCdH1qWRZiDHuSNYyz7VqDK3ygd,1,
D4kEZgHBshZfBF1xnZKHZiuCTo4kPZAaAxCANCvmkBU,1,
4vbToHqorSSq3WtPxYjsvkFfuAsZgaXYiaNTzL4RintA,1,
5XQrQ9uAtHCAXzpNJvUEyrTkEYhndf8Zonk7uSN5MKHx,1,
5KKBtHXbviaTZH4pp4triqFzewJV6pynfEtJN1yP2TxU,1,
JCrrAQLVKL83S1FpR7HmouSUrA5zqsZkThT4qXqYR7Mv,1,
FLiLrqLizCBFAosnUTjKHA4jGnRccpyrKpznVMLH9SkN,2,
5W5EqzHbrPSRE2vgqixR5BW191z7nhrmvRSUrDJnUFey,1,
A4JSMp7gNcBwKAxXib7LNQTvqRkiXoqagoiYnmi1cbZD,1,
4djhVyvx4xQiEddgPfqDPBYLyzy32VKKF8YxanYSD67q,1,
CwAQHyhQfxnEcQm3kRMqjFfWBQWREiFMuCnRXZ3QU76V,1,
HHtMu3SwzJYDN9mPVRW2iZs6vJpebKbKHQex2JV6iReJ,1,
25P6kKa8ACeCPPyCswhTgNWSgeLdQmPKxvA31c1obQVi,1,
FrvMeQPnwfwxkKVs4G6EfsVdF8PFJMqd8sP41Xbk5sPX,1,
9C5wkhwx5dX5Q3WePkL6MSNXhwwWCFLepx4P3QjLZaY6,1,
9SuaQ8TW34Nu2hbvwe7GHgAtRCW4Nw4k4wU4keJPALuZ,1,
8b4WNbU3fpu2dnSRuatmPcXRk535bJxYMiPsLtAA4ihk,1,
HZ1fwh6KusDASkWRKVLFLXCeWT7kJABhikQWXs6mpq9a,1,
9rad3yBZpmLWvCqLjTCgqGPcC6PPHgtcW2buhsnpq72A,2,
GgQCio8ACxR3bVe2sicfNu2wA7TWej7E5aL4yVD1Hx8h,1,
5tCZn4HKhnrRm3DLUYcRZM1Fyjvvb2BSdashr7tNkbau,1,
F1tqBwo75gKyP4jQYUbYHGr62hV1YBpZJZQM2exETUhM,1,
H6Tyy2uKy9X2G7stzWDpd1mR2q3KWpUhg9159PXo3MbS,1,
8Usc28TFHcgwbbD3hSYuav4wLWZnTDfAq8kGnb4wHgr6,1,
BBSsf7uA9rCfMwu7pkseBkst2JGgZZR4twQk9Aaz2r8H,1,
ErKcx7oQCpqjGfbU8oa87aXgrZjxoWDkiRsDxGizcrAG,2,
DzG7DjcjFFiW5wRqeh3goU17nJDQFcAg1Wu9cGKUcZzL,1,
3tD39zjGDv6q74L1uUeg3Z1XrAiBPQ2GPgRscSfpmrML,1,
Gqe4aJY2KSyfFovogb3aucqQVbX4B7JZ8DDPihU86gwk,1,
H8fikmHFzWcch4EXsvHmxztsFcyi5QDWHg1EagLCvAeq,1,
9i4QRByW3igV4webc9cX1jnwQVwdbZ29a2HUNof4HLgy,1,
GDqRhkTEaUohLcsRJgdccQugH6xPvWnc6xEiADEZmapu,1,
59PwWbKgB1qrnJkscMC6un9rvFuNHUR9cdShiprxem11,1,
CEvZSadr2iHriujwWGPtYEwL6G3ZtcUL3ZaEkDgEaa2r,1,
2LYM7ivNoM2mGz8kZU4dyLQBXEGRJaEkdhzScbuF6g2n,1,
61JJAsKgtncujTG9ygafSG5gBAcz7dPtGGbYWw3AjRUu,1,
2VmTU4tUnvkzGDMUvqrGhYamEbtcestZyQKgCJp1LkHJ,1,
2YHypSLH2tSmUks3HZKPojcB4TvDoVWQ5AHQbHZpSctP,1,
EdcZ2EiNG4FcJvNGAaXQc2ggop13XZXF62ZYRnBX1YcZ,1,
4vyXhJf3r1TbbS8kfB4Ch2M8vVCovBjVTuHpDVzBpzeq,1,
B54H4ytp7imBV5waRCcQzwANG93YokgnndGSA1pkxAQ2,1,
DRDMW6YeW8DkcZvzWwWxZ3WuFxmiKmjEA7KRQQNvos8F,1,
7jVh1bwzVERtGFDzS678bH6bqTKWuEGkZ9fH2eBfYxLw,1,
ERZbuQPfuxvWXw54vtFgkGgMWcig5ZGjZzn3v7RDqmEv,1,
8VhsarCyKjdyUWY75uYYYku9bzQCH7T7rV6rkGgR2pPK,1,
9BuSJfThPvo7McLAtEdWsaBVjAygbw5XQPNbjyPB9zST,1,
BkKdeDWGxYR6TDm7GpoZVQeYkEgn9ZTUFQMsLiKvMEZZ,1,
DeL6m2rTaHyBKmAzA4nV4A2mHveDaPrLHRxaHyTmewMq,1,
DvvB6yVkpREyDSxQxMw7RT2tG1qU3Ptch2ipZgJakShs,1,
9boLmJfe6JUnMoUEP9h5cvHimgWdcoRm5VyyH4me9qPM,1,
D4DS9GREZzEU47JKJyWNzS3w8xyxamQB53YTfTeQUDTR,1,
A7xu24uRt6Yf1eQfi7rcH88nHzYHAYL1ZTVrrr5EVd8D,1,
JHLAknCRV8XMBLuiM44723LQCfP5xGLDDjn6AU1P1vQ,1,
7vyV5ewkUTcLgRvAA6LvrX9naaxhme42CfsgbDqjnqoK,2,
CEF841RXF9hXS7T2He4BPfjHdmLBgw1ZPcbyp1dxEjZd,1,
BTkhyCaxLi1cPSWrip39vWP7vfUUEhechLGWDWLAk4wz,1,
EgA7neHps9AhRTKWSv6YnFBLLBDRgVAoDNxkY9Ru7z85,1,
3eigz2smintgLpWeDBwMFMsX7u7kuodV6Q58jBtGV9nT,1,
9FjPDyip23XZBkBJzAyHhGhwiCNLexn69Yf7ezvNkA4z,1,
AoNHw7MsaitZ3X2VNnVUT2iPeGA4jYnFe57PqcrXGc7G,1,
J23xXRoddaMhyQmyijSA1R9ETAJ2oMr5t63AEFoXD8XM,1,
CR7gVYbv7vgggsmM1iLoQZYfMiCEsgKcK6Me5ymXX8NC,1,
CXWr5Hv9Fdfy8uD7pckYQ4LMeiE3U8PCpSrdzZoH5Mgq,2,
2PYGFp7NV3MBMKy4RpN1yVbqAocfZWEA78wVua2sQhae,1,
D6NGyguTtL5Ums84yh3TKzLMMJAGKULmEgf5Fj9AuD5q,1,
CFRMjEL1U6uZa9HQhUbyVB3nsfUinJUyvFZRVwPom7Zd,1,
mCQpbven4Sc5UBkWzYv7qGsgo1cDDf3tW1rYcrruY1p,1,
2CEPGMwh2UFPn27RvZ71bjg41xMyXKyvepwQp5XsjxBi,1,
2Q1VdSGXycZPuwG2HqNAZ8RxAK5qDjeqCgCTs7DwyQDe,1,
4UoaSzgABtbHu5Vb7U67X8xmZtmHoun3kbkSQt7DK4AC,1,
FT2SqUAhS9oAEY9UwPbNPJbfAM2Z754jDBdv39wY4RAi,1,
JMwgVNGYrzq4tnTu7cBtoyswEryoj9eQZnXzFzoUDuJ,1,
9ddyhZt8wcV7bbcmzumEUWdxfXYJKbChUi7ajbWgSkYR,1,
25sTM7p5J7sg8RsvAPW2xDHjxhQARtnYqG3uRaewsGPF,1,
3NmwSwW3D6AQ659uiUt6jrmz3QL6UUTq8vcDMk6Wh72s,2,
Cf6y88CYMenJYi17u1cxJ84kcJ9Kzb1hzRH1Vw1e33F8,1,
9LN1fk1uwYeEGMiEriKXTGEKLHQxMd2JDS32yWsfKWZ,1,
HuwLeDSpV8PPfig9usvkBP2GPCqLzo9rcCPdVp1dvu8C,1,
9M6DX5WbHKwCu1BsvXJ4EsEsrGgUYf4xcgjqQLvLUzvZ,1,
GA1VKEN7pKeXveaKK1FzemdVmnn5iNiksr3xPLFF7aF9,1,
FnmJqK8aU1GiMYrGfPpqgrH8EF98ep4dQCaexovBqmyF,1,
GrNVkbqoJmBmmczGLMjyLRxA2wPRye8F9AAfoDq4DHbo,1,
EWGEH3XDi6VFKSFV4YXuovTUEdZvCxdAV2jiQaZFvz2W,1,
AQJqtTJoZcqrNALkgqkjqFhnyF6mPNSS6vwdhcqWwrk,3,
F8yJjxrzGDzKSjSE2dLXAZkNFG1Rcupez9UjSKo1rM77,1,
BqpiTCkZCZ9uECk5j1DPxjd4DYYrpmGCWfg2jyFieXEt,1,
22Yy7AnfM6jM3CtRKpo1AitHis4W2hizwKZxtwLYacTz,1,
T9NeQnczpY6nY7UWrVkjx8GJDUPk2nFWojEkTjYxR5u,1,
AspdeArj5f686peJHPyb1vgFJE171p2TRYv2J61WTXMB,1,
4phGxsdgJQ9Sm6fZkizLQryVTi4LQysVCCbf1X1TkM5o,1,
8t8WrEFYU4ab77JJKgsAkJ94Z6bVuJEiW8qpsi3kxoaY,1,
HgyQc89MPdxrRDJcq3rkDQNxEhhiD6VFCQLP1i18uen4,1,
41LsP8AZXKfZKL5D2QkbdG8gVrWpaUYqFqVse8R6FCRn,1,
GT1c3KDUd3JMbbSthm41DzoeiYCzxSot2HJaNSbZC2Ag,1,
CdUD2epmNSk4p1yYMa6zNfpWbrSHYLZhSv1WLo9Y9zRU,2,
4643LrHUqwnjdc6MZTgGAAreizjx5yk3QzAr7yT6zfxh,1,
4dZBuyvoeZ4JQmjD7r253GW4z3Chsr2p4inXeZwgPVtd,1,
ATss534tF5ipwH2DVpbS7Z5qqJwk8BDHMRCnS1u8KDqu,1,
4efsCqQsCnMy9SNEy7zFm5KscoF26h1CaS9ueEWGDShC,1,
Ey3rvnYxyZfgYtMWJ7ncX6ZF2JvSa9ksZcbvhwAA4TDg,1,
FGBfDc8ibNbJtjGJHePKPchR4vSHN2HTEa3jBbgVCkXQ,1,
4HvKgcSdLfvdHcitwik35Xb2ujxZgy5vQUBnrzw4o2WK,1,
3sDSDbtjapFxFfVYCzeEAV5ETdfibjbGDxMyBa3apocJ,1,
9LMrX3DmQTs9bjuZYrmoum4SY9dpgoE8T4aYQ3ePn6Hg,1,
8AyRFabBPoyfdmRyuXYooU5b6mBjVmoj4xxn35ezWHWG,1,
B6tqrET4NzzovnQRJsbr8RDMC1NtWZr7V1KkdP8zs6ap,1,
5grJXKe6gxBXyTZG6os6BBJ4YoSLcZmG15x6U6ATxABi,1,
4mHnaxUZeVX74R6AkKMqCXFDv8sdELYDoESMoqEXTByr,1,
BusGhT7dX6dTcp7FerWbnGGEz8k2EYczm7NfGqv4EWba,1,
8VD7AGMXokNf1444AJyShig8Xafyb8sa14hVtgcsGVHp,1,
4QdpZxhWgPVVbFTeMs3LUNvwmdvavN5UvbvHFkhNFToR,1,
G7DDZNm7GyoRnGJ2QHeaevDeGWMut5gXBLNK2sKWTN57,1,
9tACdCcVsXYcbbCDRTirtSjMtCSpri3LpebUFc3DBUKb,1,
DErr15EzRRQdce6rEHgfLPFqjHVBHpzqZZQRfL34WSwV,1,
3MjhHpXSYNKMGBeg2fN55FC8fKRenj9DBCAuH6VQgwLK,1,
4SV7j4jFYyGaRhnj1eKcrdXAUdDZYDP1DhaEPBQ9n89c,1,
4umZ3Gsa9FKUTPR9E3FbZvnW9wg7i8DCo5PjXhRn9oeg,1,
3BkYDVBUGVV9jiMA58zYoSzDy3HEEG1Lg8NsoDSUw1rr,1,
Dzm7CqpCfALs7b3YvDcQ4xbq8voT6n8qwUUGmFCdD2Ue,1,
9Lw7tZA6KH9sdHJpgtwXVZAwXUxpVNfJck9oDWXp8nq9,1,
FcxnFt7xAGAT4CHiJhtmCbnuP7dwzCmMoM4CG6cDxMvn,1,
9A162rrMHab7m36bsFbw37KakPpZbcVYTYyLLEcMj9ah,1,
HPWTUuWrjMrQgBAYE1gGerEdzU5UrLGvbwEzSsvxh96b,1,
9ivY4UmUXAEyC8zdN58J1DFEUUASa2ouawa3qwXVgSbq,1,
rFLDJpu274pbuLubd9wRnsoaQftbXGYhF3z6hWoqiD3,1,
8eoq3HYPrn8tPJze5QgAC6zr6dAoXJPyzPHn2cyHnCej,1,
zjnH72aK4eeXiPcbiq7SRaHf7WKxW6oWpGxqs6iCzpr,1,
4JpPxFYk6QMghSbiazKLhPUv7kCyCuo16rKjDZ9SSuzE,1,
HtShJwMS4pHqjs5CfAejmvjsMCLCRSn3Tzz4nPae63vb,1,
DKFu4pxCMxAZmARpSDgfkcSoCDEDxN8mYcGywzAmDRh7,1,
CxuYNP77G22yv36YWBCVByqBrKuPbi4NKximawjVXiTf,1,
8SgVBJqUDqhcrC3gTHbbBtrHnqZfz2ivHUkeyE1KNH58,1,
GsuZZPemznVV6gpNKGiSZRVWcHjXs3hyCC2xLBTzvWu2,1,
HeK2sGXsnkmHBcLex2ovdoFNZcJeJQ6T9GvtowyLtJn3,1,
Fh7jUEFkTCwaf2rKk4y7o2B7wWhLrj6zUqzxzsdLPPNi,1,
FE9wesvW9NUBNcxQLNVV1Yc4d4tm81HkmeyWGfm1hvny,1,
DH3BuVXvkYXXuzT69gNS5PzWnPhy3Qhoufexpjj4ytQ8,1,
BgJwBzEKjqUuTdpxuCwpCjLLkMpTyAvqN4u7guk6qTxg,1,
24QXeogb14R7wG2cTtjydGmeMTF9sk7Bv82ztgTEjtkD,1,
4Nk37hHNqDHwgVbJJ4MhAnig8JbgGxWsAQZkccR13qgs,3,
5v6ir9kLoFry8rh9tSBydyKZAWycCEqBFvVWrNQTDa8K,1,
BMZ3aRJcAhCvj4LcmLqgTDK4P9FBEQATYSweSZrXBsZf,1,
9NRyyDnM2M6yCV3okTZXsiYnCuYCuhRZ6DX9S8SnDHaD,1,
576zM56CoqVSzXJd8MJYoTc2TAfY1m3TvEYtoRb239hj,1,
5vpSPAQaAs8UDmSqRz6yvPo9cHGfFXyVEuxetbXc8v3p,1,
3EpVYqEcEWY9N9w7J9RGxCkVs4bHGVDNAe8S93meXViZ,1,
J3JQVpDzh1VSZ427M8Ptj8GLXAwMxC33E76Wfm79zEtV,1,
7JzeXQ76Gh4Lw7hoQVY32vELyEbKc9eLVJAxWJ1Gs5dM,1,
3Bn5yDy6s7jhBHnCsc87v9H8ifwQ1CAeCmDx3odiqtEb,2,
DkT4eqMwpUr2fqixzPpcXRL9jLx8kWJLkcmPmxPoSnk9,1,
XBmYUQi3mbhJiyutMmGm56pjdsN8dS25cvy92qwLnWz,1,
EPEsjAEzVNZZtsX2u1HgNWWCMucKNaHLd2WuW6H8GMhe,1,
8QwoS7QKc1apEAZHfNPwrhn6GgynffozeTJp9UjXbQbC,1,
2h6ZkmBunDv9qeMX5Axb9aUwWcQHPkyrh4ZSL3aMsQ1c,1,
9Bo1iLV2zUSrf2ediAzKAXrqYYYqg2nH7D6GNLoL685V,1,
HJvAszRAjtXvrkJpomcwxomhVhZRmFsiG9Ziqsbv56er,1,
EqmTm37pETfE6kE1Yf37wtAdjqh1UUGscJvYiyRrxGqc,1,
Gmhz5oAS83wgwZeCkjkBzSpMu5zgBnDEpw57HH28VEJw,1,
BPGamp8nAVMw69tBu1tmKsVvhJbHUgr1GuEftozYqukU,1,
7SSPokxyCBt82X7FKdy7XJAkhhkHqs5FvXUvUKgRFNdR,1,
3h7NBWbJs9FsW1RwLaGcbQsQcCLTpBcLRMe3aMjvveq7,1,
5DLjNbPi3BEibFnNMUbHHoSvcg2rvb63rtf4cymdnxQp,1,
6i8yim2XH991R3WPeZyWfA8iaghKt74aRkzcTVTawtVD,1,
H2sCvShtNDfrgi8sDkKCCEkdBGbuQZzPQMRw1jYPgP3x,1,
5ydyf4CgxtTtCUkmtNYNtLchY56wVFAsFrTjdFpVD8YV,1,
7m1aJewc479RsxTG7a9hh8Em3zANrWnmaAVmSRyteN8z,1,
AVkvz1Gajbc23MyYseJ3FHWc5EqunGAw7X32tX2b1vo9,1,
9Hb4kC256kicVu6evgpKwZjvGBpHeinaTsCKG1D5t4TD,1,
7RoS49HKvSicDfj8ANx1fqiXrxN3piuv13auEHpiQZ9K,2,
4himbhyAL7KzaTHQiGNoqYtNZvBQ25tH6punnqDJzTH4,1,
EdSm4gB76oaA6tdMDNLrnrAvCEtYvPqDwaJLyfXZJKKr,1,
6si8tPpXesvoUoKbd1UQWpbRacrZoVY5wRrX7bXvHNEv,1,
BQ4VEyVqyVYoKgVNRk7iebBXyN8z8iA5s2redB1dqVeJ,1,
5Lht14p2V2sQhS5vz3wCnqx5zWBPpEAnUWReAvq3RWfo,2,
3moEWoeJihUAemS79Mj4nJTLaToKWRFbFjp4Jcitf2rQ,1,
hpRA17okCQp1TnBGm5FTL8tWQh8AiRo2C9aztzVnfHR,2,
9Zq3fX9vuKebRonGkMXnhN5Lend4FHDAG7mnjnBrBW2v,1,
DrD4HGHG12sT5Pqnppcywr1YE6HZUkGRex2GoTViJtG8,1,
6LFos8k4FNLrNck9QYUgouLdJi2pB4PGTE6xWbXzGEzy,1,
BdeSu8QZMkF5dkZ1NBy7wEcnbTXhrs16fQtyfVrxEu9M,1,
E91LaMGEadbafEVyiWg5oB4n1xCV1Msg2ePLVhWpmsS5,1,
HWhn6PCn86zXLpoTEEw2beWAk3xpgarTqoXLtUZ4DZnZ,1,
6gdUAW2tYPE9LZ3gnywFR5kd6WKGJ1uCtVwxuA21TQcg,1,
5dkyLgymzmDtTN7gd118wv2YBYpyUJEhxa7nn83gesSa,1,
7KMYy11BCShBzjc2S1Xd4VLy8isZqZPon8NQTxvLuCmN,1,
63eL5c6pAwXkCpjSw8hK3bVJod4e113hSbL9DURNRJ29,1,
FJJc8E3ekqVoqS3NVD2UiRDvPzixDTNRyFLtVxULUyca,1,
GKMRM17LFJBcUPLihWEe5c3EAvELnu5m4zTNZtoxDHn3,1,
66CMWMs2RgzDraSfXyDyg5CKyBCU3VW7obdMwEkh81Qp,1,
9wh17iPC7QJSNm9BNejpB5J3u8Fm8uRo8Y9JAQF1runE,1,
GLcm36ofWR3TMPtEqD7ocDjHuXzC6ft5vg5UgUWgveWn,1,
7SYNe8fsJt2tnYp1XMZH91GHazJah81nnh2ZCJ4jYTcm,1,
CmwNgWY5WTiDydPqwd6KSxtVsFq2E49gr3hmkaDEdBhe,1,
GQkZKeeMRuVnnmpCqXJGtBf4fzkKsgGnm7tC9Zb8s9qm,1,
AmntQ43USiRZSAzmwXD6mnH5pH3m993DfSXA28Aganrh,1,
BdZYTXJhyCJ1C8PL4SCJUbVG21uPPBB9FLgSdymZ2qu3,1,
GC896fz61fGm9dK2sshccr5hBmCwEZkSrQgtnJ4Jxsmu,1,
4yFsTFg77M4y99EeC7Mw3hZ2uRhA7BG2Jsj9BiiQueQs,1,
AcLnUcaDZUQdRaSuWwpqw6eFEeYHE27ErTWRz3N4aVBE,1,
Eba2cnTMR4hyAQgUwiwFDBGTpvJrCYgayAfNLnt7Sh9g,1,
DYCHHKP2nEfED8PiR3M62zK43u8vJxG1WLKTTTd5rr1T,1,
3idUohSg9w1ZwefV1G7oNnU4iPpzgQUrrjFBo4u5kktQ,1,
BgbSJTZ3iugRXDMDwm8CNkKjbYrVvp2KZerxnVwhH4g9,1,
3hmnYZmFMqAce9qKDzZeJf7P98DN8JibtE6WzqTBcKZo,1,
9B99LMzxJhwTMUSrA54FbDLuaeZXhf1vGCSVqPDpy8Kt,1,
9brJJhejx28m9X181pVohpJALARfEahq5KAWnX9ZZjdX,1,
5iguKsV3TVcekbpNBngC1HkgsxYrryS4YXVJSVyTRrxW,1,
5jbLYnPhmv6sGLAYaJUpWm97p4ji2SA2sziQjDoxxtP1,1,
AsLZBFXPWniTpJ5E4TxUYTezTCnXuMLg8wcvLYMY6hGr,1,
4B5nDjkmnAAPFkc4aaNpVsWbPU3vsfUXwYLrUKm9ggh8,1,
71sCTcftxd332B1P5767cNXJgv1M2Ytt2tueJYJvNWYr,1,
9tLdYEXCuCooQDZmsouf2ahtDtxAd5fuvxrpxup8W8MB,1,
52AijWiDQifYVs48hvZNzzhYC78oQLAKfbfuGS4MvByN,1,
3qfjNjMqjKJqAWpKBMkeR1RoW6ZiXt6QHbPEvSaCFBMA,1,
3XoSBsbaBkbpXHYWUJC9dR5WFfn7ARTRXnr2KJAH5Gwt,1,
6Z9DAAa13pixB4gWwyp18WJwEZkgEqWJrJ2hEbFF3X1U,1,
Gu4PVc5SkN7YL5QsNGkifcaUd9ngVzeKXaFx9Eq5cfQ7,1,
DpaWgh3qHQ8SXVpxC6K14DcZm1ZyMpbFrJ1Tk2ycrQPJ,1,
6PfVXWBqASFHBJF5GsZjgV3PGhx1MnaPjE7wrwfhszrG,1,
FAgRdmbxJhBkDsgoHfhypkWSSZt1bQdu2oqCFrzz9Xr6,1,
CNLH3uZiJfbt44135dLD4RfXJ5pw6NQWR4J4tsFohXZW,1,
HgXevcHfkgPW7cmZABE57BpcdqaQwtuwGtJmNmYaTHF9,1,
Gqed16AsAxxuQGhUhVzh9v2NPeNDtzToT76Gwja5DzHr,1,
CEZey78CE2dn2N2jZGPFWEVhL11aaeqNdkk41tGNGCkc,1,
99cnVm66G2vjiGZjZke3bqdZkQJDiH6Xr85NiEJZFc6G,1,
DZ3aQV5ZKuRRrCt8zGu6QmsxViiC64mCWxgt9sC674zA,1,
5NHxozKsb4MS2ak1gGBB84jgZRFCxh5ZtNmoV9e64K2R,1,
3aHQBQyF87rQgUahacXK1JkPkiGDdQSvxUiSWNne8HTJ,1,
qJCkxAQ1SiaKpvh8vsA6DTSPhjQYtDctPhMB5KDJBVX,1,
JDRNScEJM1TtLxH5fvXgMHyJGog1QD3U8yppEG5Mbz9A,1,
2SC48k4i6pHGNqeSFhQRFCgnm1E9tooqCXMwp4KPAh1m,1,
DAd56hVZEMo2BcUM66c9wEwecruuqNwF6MHPP4pgw7ao,1