4okd2JS9bVgNX2S13oT1J1EyUQTi1qADAREgs1KbJsz4,
D9qcXqkAy5jHtsDJpqx2aYfdm35Krgmc6zwqgdV9J9uZ,
CNRQ6R6mbD4VjK9TpDjUfuTtx3cH1ygojGox8AEK5WYn,
9rhhrUR5scg5icefdNc9ytU8VqjQqrLwyWF5od8wi7EY,
DQTvYJE3ahDXEmin7Tcq3QgDL2UjW2BTM5WfdbmVzXFZ,
84EP86XSYJADvFwKPZwcQUqhxaTRPyASji8jJ3rBoPEd,
86FWCis17EKLZKu98pdga53XkJdTyXMxYT5zAMArsUwx,
AR2aCQ9qHXmy2J5hzn5sTYcextg1bW8uWqM4PoLDjgTs,
3zWJ821qmjBnvhKMHj4ZnfrZxBVvwrmKMb7osz44UYYa,
GftjMawt5PzoRToAXJSpwB4zcW1qmjs6MgRXX1Vje6CB,
47ipbJBBbV7P3qofpQ9mEYJxQ9Jr7wndEbWKYBKX5bMB,
BYaVkZfyoEzgBAdmquqrPA2Qa35X2EJwMqrqQzG6vyJV,
FjPPzNPetzQ7Pzb1bFsJJyxMNfGwga4UWJitTDEjcZCF,
BXKxNAT3oWur75kXuCN7zsWg6LUFPBbFtT3gS7NzNtGM,
APpPdkZ6Xdj8L9mVkKPWZrKpSAyr1FNPQVfvzHkBBqLm,
BqL2qSgVDGhHk5vSZoFc7Hn2VYUYvFEDUFCggNxz6CZZ,
6cEszvcxmjVAdmENMMEGbEFZoN1oUqHQGCJ34PoauMrS,
CCrrz2bD14e6owXa4kZF5peGLg5q9JFHXn9YHc3YKg9t,
FaxsKmdgZS1Gau1swEYaNoVTEcYU5EvN6eiPkrANxRgq,
2hYV8zhziSmfDrqQCxXGRBkQRteBaQ8QwQoGe334pEuc,
EEQH9voLCfyWnkVCyu9QJS18uoj6FpDvbKxkZGmL8GDz,
EYiu1Lsb8HhUWnLMYfVUxKfT9bZRF3W7HCzgSd1kaMHF,
7n8TP6TCW4siusfsF3n1zSGMgySyVtPTNKr3YYoM78YT,
E36QUJRZJXvMXHN3iq2R8XSuTPejk4a9yfWr6TzJJ66s,
DrBLCfTz8g46HHAL69ZGJsKYJymRJD4jSMEqeknFtit3,
CcEwWPraNxjqhjP2nuPiMKqWAFZB48kAhZj2HaYf1TtN,
HLD3ktvbAZTexLUqXxGm6uYcArJYQ2D4LkK13LMCaEZ8,
3qCyxUVBnSGE3ptpqMex3kWsgj1e5M6bL6TdKcVH2omJ,
Efd66fpNMAaT7N6oFkTwaer5yVsrT4rDdKiz5cgRdqoA,
FktcnikWYswwvRv1vc9Jqt2S6WeYG5CWGzwfUdJy6DNu,
G4F6f1emZqkN1D6xVkk3pzLHyzoaFycsmEQMTZbEN1WC,
JpyhfeShLucjBgnw2s5DFNEs3xLn26rb2zYK6KYNJmi,
D4Z6bycSwPrdjzwDKAcz1AheLcoGMC4hpqknYGszw4Rw,
CJ6Agy95Aw9Ps7VSPcq5UQ9xt5HAF264VrzAGEQ6zd9e,
4vMkphENkatt6f3vqDQHf3ZXLF86Zuw712ZxMM2Sp18T,
DRjCSeYc7GwsJhqMQJvTX4wPcbyMxq4uyKJUWtVRXC1a,
G2PWDmcAgmBDHCZLx3oA9niT8t72f273kyHgjzbLiBHE,
DRjCSeYc7GwsJhqMQJvTX4wPcbyMxq4uyKJUWtVRXC1a,
8vRUMSPq3mfe43XiJTP4h26QsLT4f5idXP94KVWENb5d,
7awDnnsaqSgjuzfaJm4KMDNLYSJpTsXx6SD556irRrq6,
B9eWorCGPVdgsrsCeXG8mh98oGJ3AtQigbyFM7bQSuQ5,
635KxDPabeHnm7bPPVoR2sSiw4kPzD7HAccK697yrfAM,
Dv5hxFozRqDRRi6TwcRxZcWffbsnD7qEnrGLiMgzAt7W,
4ZWTRXqnHNS5aBjRf26kwa3hPUH8LLg6gTFyGrcemBms,
DrbNWW7k4SSAapaQ1CxUNz9pYbT7grZ5EFVbjiEYddeP,
HRMmyYMtMZRHSWA3etnT7QY5b35q9NSE1WNa7ki3W3g9,
6zQrNmork2RWMmruSE3Bv4vRctuCnyLuDaQVCSbuH5vM,
24TLN65J6tGsk1xqFXXXJUwzodp59fhrVm5mMwSaoCJ5,
DYj5SrWWL5csFYwmv5stqAdSEdiywjGWtkhHHWo5riVV,
Q3ccJFciaHAYZkpsy4YuYzBZNiQUezG3JdTBvMBxKSh,
DRjCSeYc7GwsJhqMQJvTX4wPcbyMxq4uyKJUWtVRXC1a,
9J35RpKASuKxAxBKtRqvc7au2qwDDqGsLjMj1kuBefR1,
FGzutZfdWZeQRJuCSyGB89RU21YsweUmd6jjAc1BuAA3,
EuRa5XE4BEAgNPWcBMAP6HBeo96C4Je2cEebu4VZp9wL,
9kMYkxrycDiNkXdBSEc58g6VaczjmGNSDVQk2p2CRJou,
3c3cM7RKxoSh9ANoq1yJjSy6EQ1Twqa7BDaHQng4PRTh,
6XSoG3rXMrmjbyE5gXgdqzbgBHhaTtamVRFMTFMWqBbQ,
DN7vyYmBED7JazHecXcbNeNXCPU1Ato2pdGRKmJ8cRSn,
H6dLy6uUgxtU8KRgbbA9xkRZfXxp9QLTXafrADVXZzuP,
Gjb2iGHvwDSQM7yPNFqbC2rknBHNMVwaoUrkoAHgwJXm,
FHjSKs5b3prDSZxFgEJvPbYE7AMhY26u1Pji91fXrZG8,
4eU6TcHouFsxJnynzGM5TXxdVKFD8ZFWmkEs7ew42Kmh,
2r8L84ajif6Wfhvb16ytZUTGxwao2ReSmKLkNWM1uBvw,
3VMmcwWEjaqhWNG5JMrZjbr1AvxqfdxwKHNy1dyKFJ5x,
HBrw2RP5fiVBekChdjGMPkVNDyKxeen9A26tKTWPhpBj,
Fbk39NucWLznTcksQhQNanC2w6RfoKhYNcpiMV1ABc4c,
GhFyU1jBD9y3UsoWZ6GXjbs9wMvR6hmVT5Le7LNmYcwS,
3YdNWbaAKLvARJHPx4RC5yzUoxw7bpr3zHgqiTpYGCiM,
4j9TrXRr5cAjraS8V8YrsSmfZQuiqozLjfScp62JBpx1,
6UBfZYeGhMJb6WgmebjAVxH3j883ynxsuc32GPFbA3uS,
7ZiUaTnvHUn6pCqKmWq5BwaRaACQgJngH8onoMLJd9ha,
BC7vjRcMQPz76Tt1VQF9kuuNy49hUb45tcwaxyG1mG5K,
HSyco7CDwhs9zDAzrbnNJNDbpJEg8a5ScfBfbaawzAtf,
5ZFByr9iiAGaSsop1qkqGVRAcd3t9FErbXsWw74tj7TK,
8FMvcbz3oC4zUabf6xyAZ66bC22cJq83QkFDQTsyJpfE,
6Km2je9yL99MzJ3cNkSAxe2aywmVhWsScww5MxufAaGg,
CKNLjW659im9e4SuyUC3LYnQtAoPjYY226iQoWfH8pJ9,
5ncjtFviu7HfcHq6uRJBQFMQo9n8nXR17pRuey5WBNwT,
2r8L84ajif6Wfhvb16ytZUTGxwao2ReSmKLkNWM1uBvw,
xzFZoh5D9Ahq69J2BVpsd9CAcftdc16KqTTG5wBuax8,
5yF9v5L3t6KCDFic2w2hmxYNZMs4EYNr3gA1TWJpTraD,
6chzr4HPnwYtb7qpchALUKvfh5YPyJjnpJFpHGrS2Eyg,
4LHbV6itV82Gseb2uMN9JuXve1Wi3BruUnGRHCW2mEBh,
gBJZdEDu4oSL3kZSdxGW1vvRLcy6Qtk9ywvViumpXFR,
DrBLCfTz8g46HHAL69ZGJsKYJymRJD4jSMEqeknFtit3,
EkmK5jTd8Gd5cG8w2np1StinUqyP5iftLkhtci95ZcQA,
4YhjpmwnknC9U3Yd7Xh7Hx9PRt4tm4e7fa7Zu2MB6L7P,
2eHhiDu94t6ejW9tXfstsSHs55UBtDMmbD83TncA7iwg,
CmK2T3v4S7yiaLcf3dmUiWAZ6zt3wBvgAdds8RKzgaQg,
HaKXx1QFVvYqLTfzKHp9bmPaWE5qZYGSQxpM2At3zUoF,
6QZPKc53NaZBMiBSUia5Mc2sTCTS6iPvU5Q4cCkdnRhe,
83eaZTmXCpFJwyBBjZ1wV8yzZEvhreCsmXDcxmRYzfjJ,
6wDJAA9cieNG7GfVjo89J1mi6jr7tqKRQnEDhHa5n3ZA,
3CYzNBFptQvVqNmqVd9HePpcYARdWLF9yjnF9HpjEpB5,
GwAbkeDjaux569f1YFP2w84Giog3jV5sf51QyYLuhYzS,
EY3JFChAFmQS17fDo62ZvxavafHxo2UzKGouoGyy6Ata,
CkjXkdTjUfbkyDQywrSNQS7F3mg7cxQrESzqK9wAFpnQ,
Efd66fpNMAaT7N6oFkTwaer5yVsrT4rDdKiz5cgRdqoA,
Ej43Hk8VaJFDwCwJBaR7TSRigo4VWL1xfasF8ew64Jdy,
3sDSqnTdAUr9j7Nn2NZdbcvhL9GWB2DFPiTWRAi3dUdm,
FUeoKyPk6UoZrcDYFam8UQ9XfoMvFqZPJQojBHxNh4Ab,
GwJTtGvv6Dr79JSxWkqdzoVyTQLEzqDfeZRX2N226Ctm,
Fyuqzgge3JiTidx5HUEkMV2Don1aKH7f3BsNxmKpK7Xa,
9YFtcgyAMJXU34YkXAEeDoT5cKG4pzE5aK5GWWkZTjwv,
AvGGznTwQVA1acgCCD5hnCiap3FYtegCJLjNTkS8qGst,
5QUAkB8ajRWCzkp529QUxdWKGYcNgeaeJa8UR819Huk,
2AZb4aC4aeu6mx7bxrZmcyfWxZKNJ6tZS88GVRwgjQDz,
BX6wnzCTY693G442Q6G9Yuhe2DUKFUBTHTGwb9hN5a53,
F2kD6xgsxtUmF5RDxK1dsjViwKDCjEwJ8gUJkRZgJ6NH,
DFn4rbXSvs8i79WZXMfBhhUfN7aDdb8gNzY2mg4qWFJu,
FYmk4kuxkzWsPaAobxmNSeZgmux4QRqVPvfXPqHA7uoE,
EJsdkvk7NEnkuAbok8jSpgyDq2EL8u1YgKU7UfLB2NVd,
DYhyznkRUkhtJL8vyXFEmCghMiVTbUuZZNY1e74B6CmK,
9639JKtVWLrPXJ73rn61JCiK1n2GsLd6bgscKjfi5To3,
D4MWjwSmU25TQqMEvHjnTimcuJTpRbShVCEQcq36haYB,
5b2gw4U4uU4Vo242jLoL1txzM13YzssNAatHxR2nyc5t,
8UVUS5oYyeuU9NsGk5JeHAhKvegdjQWXVArwfbaQtPQW,
FjPPzNPetzQ7Pzb1bFsJJyxMNfGwga4UWJitTDEjcZCF,
HDSihCpwbS5QrdF1FKKUw7K28ERqMS1zczoYxxgaj5Z8,
BsfeDrGhGHmgpFLmuLVBbY2YPK6KzTUS3zzxnrrs5pCt,
9A4SKLA2Hb8LfJ8RaLuzaqfdUCych4FhA7fG3d7dxdbQ,
BpfYuffougQTbKgFexzTebHTfUSR98wDF4tmdx3ZTXoK,
7zqjKDpmW2VChUFy6rL3xXGGLPZWAkQi9kCbm39fQFQh,
FqRXiaGCPTknwME5xJDfKvTDctkMraBDqsVRcK7yG1kA,
6PgskHVwuFscCXANJNiTmCdXihEEwkDWi5ZvXmjT5s7k,
H7EiHTUFMZYTydqv71rgheD8fvaJaUiGBZYtzQALRJew,
EoMpYAoekxk737PfrNtKp3jXQHPg8pmfpHffDrKYSat3,
HmzUmGBBcdXNczkzMmCHuQWvGXFRBjdBpFq2DyNY8JZo,
BuuX1EtzQaow9ZBuotei2AfCHGcPFE5hznKXa6HsXQPd,
2ZB83cNoLxdJBX6JEngZiafxLaJdH2J55pw4ZcDNLtoL,
DBwA2hgSGY2FTCohwfDSMN4v446v5yrMK7i3ntHuJdZS,
4HctiB5CXchhjZrjAS31dBb1atnZCTCXQRfEJA2rsVKi,
3hn5fWZEf2yUZcwU2CV2Wkvk7YDiysM8xBwmesFg7sN1,
onqvtP1Eo477BRMfPWnxHnKPpRmLezvrkhmugcC1pJR,
GkPPcm7wwagQCZ53fr4azUQdxQDmnbWtSNMdTrtfbo5v,
7SEBDVjLEcvekr4aWnHNdq51DzuHeCSzKpZwfEcaQHLi,
6BSVfM9gSkW6ZYZoAjG2mfnd1QtbT5P8dRkf3PftnaCC,
6JY1U2Ads1gSN3VpuCeaamsfvSFgWmhgvNEELepMxukv,
5qHLuhLx3hgXgS8w59eMH4LS8DNrsBNnZ5HfJdyAav3J,
EJrenckFuhPHrkgqY68BP1xzZdnCF1LAT6xAcY9GMTiB,
8wTZNPsuMUZSDcgdMy1kBw9Yv6zBAvXCgkhPfNu9aMFV,
onqvtP1Eo477BRMfPWnxHnKPpRmLezvrkhmugcC1pJR,
ANVVztibsqAgxUZ1swMQb4fXGXNnhdc76PitSLMZ8q6D,
BNajJPKQWeu6GqktWtnYBbkghrNMfCSpPHHdow8tzjmF,
9cGhSBV8AXbm32hnMWSPdZcDcVzEcjD2XQLmGerTirMK,
4hZxN9KtXwRA4w45RYvfk3a5BXuV71L3DVDbeLAkdZRk,
E8rs4WGeUzo62BUZEuT48JVUWqczZAF2huw7xgaRMr3x,
BxCN2jxqkTFDjDek4NQjRc34gT4iY829SVXVvGpRKea5,
ArjVUeXuvYP8qBCi177seV1vM6XvpC5yctkR8hPEXvjx,
D9qcXqkAy5jHtsDJpqx2aYfdm35Krgmc6zwqgdV9J9uZ,
CKweHes9jzXcg1wFUGDVR2P7mMv1ERtH73sq8xnYMxVn,
HZcrf6wGhVTG7w5nCojHWyyov5ST9xMeYcjac1imyn6c,
CUjYdF8SvHwM9xSEz7aRdiHRmN1AjSC2FwrnN5N7LRjT,
9PN9UChfMKtPCxEY17bF4sLvpWBeepsBmfzJe5jSoSad,
7QLh3UyTXDhhgqsPp1geFenB7ehC6krMx8z2gUqNrZAh,
CafGpKEDA6T3svwntk2fDKuQrcd5pP7zMHVy9bQ91eq4,
4ySijV8wiFnDNUfUsyB6YeEXprzH5Ui5bmAGpe1XQeCS,
92PejedtuCgz6iL8smCmEE1fB91qfTZKjDHXwLzv2bar,
FUeoKyPk6UoZrcDYFam8UQ9XfoMvFqZPJQojBHxNh4Ab,
B6o6yoQ8VhXMTvQuFrRvrJgEkC9Me3gmfwgtoX3iHt95,
5SGkGbsA5zak15v75xNHeCbf9ZK5gBHXh1iGpd1mTYiU,
7Z39U83f7EfNcPpNNR1TrKkgxkUDXTMpo2TgJWcrehRC,
D9qcXqkAy5jHtsDJpqx2aYfdm35Krgmc6zwqgdV9J9uZ,
CGXxQg6qLzsDeUTrdhwWgwgS1HY18WFUGpe4Qmi2H3ZR,
5GabQaQWPRgHF1yMqeVnAZ268Sg7oeSDwPUbPMSvhEyL,
E161YZCXpwT9mXTnpd8BfqhZLNQZGYRKDq9CJwn9hWaJ,
23QsytSrxLgPoZkyyUTyFcoJAdMZMax5wpZj12CwzhJN,
Hsmk6oavwTk6BtKvjEnwSgK8SW7vJAj7d4q787bffLC5,
7K14SqG41q9FyWikYj5BdnkTnvrxnwb5ixT956eNQb3s,
8F2ZScewAZnbjLLuDtDN87iiEmMpj2C6FJ3sGd2Nkt5n,
3c3eEEDC2Vp1jF7Bb8pm1Q9h5rmpbS2DRAa7CB2V3U1m,
6simnhyU6YRdrmfuPhwBuAz9YwC4MscQjavuSDe6nCjT,
Ej43Hk8VaJFDwCwJBaR7TSRigo4VWL1xfasF8ew64Jdy,
9A4SKLA2Hb8LfJ8RaLuzaqfdUCych4FhA7fG3d7dxdbQ,
6wuTWzAgjrbZyjHYrjbDZumynXdG6sZUHGwbSDtG5Rkw,
3CYzNBFptQvVqNmqVd9HePpcYARdWLF9yjnF9HpjEpB5,
E92Cn6hoiDh36NFmLGoQFZgFUqwnpLoZaJNATat76Buo,
EihFVMwi6j1MHSUcwzqVh8kKvGvBstLBnA1c7eWkBtHR,
7XQZpNWNs66A3MuqJ9oc5yP4goZqyR6PcPH2qyY8egth,
6wuTWzAgjrbZyjHYrjbDZumynXdG6sZUHGwbSDtG5Rkw,
HejYb56MYN9tvx7tq2dMqhpV4reVvvBKfUkMLnKPs3vK,
AXXUgjD21L6576drkHZDmTAz74QMF8qfeFjdHwqh2kYs,
3HfhrpsK88LY5DQPpsuxWQ7ARXPJ2dGRH8m7q5TLkEQi,
6jW3hX1RYBKe6vLAeWboyova9tPZqSTY6TLeYE5S5hPT,
DN7vyYmBED7JazHecXcbNeNXCPU1Ato2pdGRKmJ8cRSn,
4zEm28mBCvWjYz5E3Eq9wiDtytRnuaY82tW92f2Czfcn,
6j89g5idiBi5N5SEi4Z5qo2fzfCNC3hBB4diVHwp7Lx,
EseXG8Rij7hFiNzTf354Qjq8D6ur8UHttJkzfaXotQjo,
FVJyEWMsM2DRVRpBbkjM5S9ohFhheXdrT8QorD2jkgR6,
BzPWLMEwQfdGswqWyQbn2fWcDWMSU695KvPRfXLCQgTH,
7AN8beUb2V6pPiYdG7VEtLsUYeCV28ba1Vf4ecRsbU8a,
Ay6pCRkxa6E12J5NFL2inFXumpnQFm518dgesvTUxtix,
2n2eMBhAL8NCuXHvZWK86Yex8h1aSnQawP9frbNEiWBJ,
Efd66fpNMAaT7N6oFkTwaer5yVsrT4rDdKiz5cgRdqoA,
J3MzNcHLuEKcecFmzZ6vtANjJ3oAN2Ga3fyrK585Yjru,
3uahopsNv3CP7bwx9tVENNXRMe3KJD9H921X5kaCza5U,
FTxF6DLQyAYe8YusUhJc1v1aQaDxkMKzEARNfJkbAdbo,
EKExYCyFcUQFBm9WtJSWV4xawBpEAHRR5tHPxHpbLpmE,
7tHjudSq7ZUL9rpQHNPvtXcPijs9fgJUoUxcQSYMX2ZE,
7MnWgCo5ZeSNPtvmBghswtAKNDQcBHDL1EVoDTLi8iwh,
3aRYyRS3iLufiNgDQpfwRkUuoKnFEzcFGfjMHnnKKARx,
7FVPQSt8NfPV8z3UAtfnCdjqKEinpBuS8sskW2aoUf7S,
E7NkNZ9AK59xuFcJqfLiWBsgiq9ugpprVckqspuc34tg,
2MkGo2qFp2mBtxCszSR4zga957Gdw24Y6hbwi1edywjQ,
B6ns1CUq1XdpazEndKSkGLnxVfX8Q5iG8vUZ95MQZrN8,
5qYARPpvJhVZ2wrsknRGRxfBzse3biNtEa4KXqy1TgLr,
CKXMzncZiMjR7rNvSMZcmChjRdSnsRpMeFMwcxGAYPSg,
H9uyF8iJEuzUZkZKgHyq2tG8GeQGdBPo3g2PLnhi94oD,
896Hhun9CmyUQt59FjKRckMVUg7bhz74ipZo2AszhKBL,
F1pUR9RwibhNkCeN1fCpqSMoeA6iy5FmT6x1ZSnCAPg4,
FjPPzNPetzQ7Pzb1bFsJJyxMNfGwga4UWJitTDEjcZCF,
jZ6TM9QG4o8Cbvnp5MbGe6WCGPjxjePkebCamcQrTxu,
7fNLzu5k5vFGyYGTd6RJu7gDFFgM5V6rHaqHVLr7TqrQ,
GgRibNBbAep1yg8aWzQ3JJgpod7eHn5EzB1PKQkvgM7t,
3cdPRRsb5ZrSwMmX6GAdqtMBAkYy26nJrpBJegFV3mAN,
8uNH6CWcZKst23S89KNh7jhAWehVmjp9NcC4kvASgmCr,
98DWYiuV6urPHALx9iWGiJQJ8v7Mx1zD1AM5pvvezE61,
8EkfV23o4KobxYJHUWJAhQKjiJ2zLewGCbdq13423Hvw,
DS52dMtnijaD1Lb3dNPr2sh5huKxhibrN8ZRAbDe4uBg,
3VMmcwWEjaqhWNG5JMrZjbr1AvxqfdxwKHNy1dyKFJ5x,
wTqHEAP45UBXYGYwVbKUh42YKMJep9Boo4macWdaz2g,
Hhw1wGLAsEtp4aJrK7eKnjya3ZiKxNqWTevnrKKGRZsX,
ASLTeGp3tLic6HfJu8dLT99wVtJC6fZrvBmYzWQnt16o,
GkoaCYMUQBZZnnJzxXA8sucB9LMCnS7o5vp1xiSwgs8n,
4gYxbsuutjw2aY6rgbh7VXdCa5wGDkCHS7rPsTMnp8xM,
2BULwGHffhB661MyJCiWtYvoHJGdwcmKYgFrFpMEYL89,
7Q3PX3i4pYWkq4UadXie5jkdkdX6f2UKFxpbVZnzeMr2,
2ZB83cNoLxdJBX6JEngZiafxLaJdH2J55pw4ZcDNLtoL,
2r8L84ajif6Wfhvb16ytZUTGxwao2ReSmKLkNWM1uBvw,
2eHhiDu94t6ejW9tXfstsSHs55UBtDMmbD83TncA7iwg,
CiY241tATeGCLzoquQQQMsjcFLWoa16ENDPZGnvwztGh,
8W2bEiPrg91x2vw4oEaWSiu3JYcGB8tBT9wqfFuWVwu,
9A4SKLA2Hb8LfJ8RaLuzaqfdUCych4FhA7fG3d7dxdbQ,
5VRPNejtC5dwL4Ff99vZu8wvsQBumTgKd237V2RZQ5TX,
5SGkGbsA5zak15v75xNHeCbf9ZK5gBHXh1iGpd1mTYiU,
4KCNxxAUW3ZvZZdSQVXB9VwrJh96gUgyHcFhRjpCptsY,
7epA6WZrqAqzdcDDsZ1vYfPGsGrzTe1mRVRSWLG73Ae6,
DKuHonENPz8prxZYpeThj5Pmz1hEvydt5LjQUMUcfM8,
5yF9v5L3t6KCDFic2w2hmxYNZMs4EYNr3gA1TWJpTraD,
5EtCT1idgTT8G4QVU5vVFPXSiXR7vzDJ94deTFNQ1vaP,
3B8sKEcUoGawo7HqkFHTmbUPuPyaAgbaRygC5fPc6Dic,
3t9U23y2Wjzsicf63Fno96FFqyKWeRYwitZ2QxiMjfd2,
9f2VueNUpvCn52nSSZimR3tKomwXJRoU8BAHWBuQ3DRG,
2pHYtNUD2sZX2UdYzyJu6hKdU3XAaJZg7w52bksRkdQ9,
DQBtfZuqQewLkkPHaMeaiLi7ufBQLewLmYpLnAhLuMY6,
DVpgVdTB5ztUAUgfR6n3xqP1eGbxzmjyby93e1R1TFi7,
7VnkWxJLCvakBHFzeamjvhkRUY3Kuc9hCmSz47VrCb3D,
FeGDpYchKYhLaN8kAawe83UGVcyfhE8cx26DEfwmkm6z,
JBKVbGpPypVZwyFXK6jSWtG6qhw85VNgtNy29mUz3YhY,
7r683T1aSt8erqSTbvBR7rhV78gJmLbJYyLYnWtquWpQ,
Abwqbhw4LnSy2UnwY531V2ftsckx8bk4Ci9mNQncHXh6,
EVFRMWJb6thCtnFTji7U98PbtPYFVHMzi8ph3tJqdBDD,
DL2FYqSZBDSKyUgQrycYv18dDvvs5xEmu8S8Rakzqc5u,
D6RG8aRiLZGv596MfidjnwpGdB7shTMKxVokEBsCPX6i,
DRjCSeYc7GwsJhqMQJvTX4wPcbyMxq4uyKJUWtVRXC1a,
3rTKX3PbBo2m5Y88H3RTbSGbMFD7bxdE4jTgw4zMgnhd,
5PrSyViqMdvZLitPSppcWSJbVWjdnNCzE3jY4vr8hBom,
88aC9jK9k2g7a9jCu2cHqpExSKHPp5VM5tDNKkPMjmcs,
8Kt5SwJCqXgKdZ7CShw6j3HcuxUcyhkCqiWaZRHiCxNt,
B6o6yoQ8VhXMTvQuFrRvrJgEkC9Me3gmfwgtoX3iHt95,
4sdNGggVzJDZmL8WMKVgsyDLMDh3dJ4zxoBbeH2AUvgv,
7g3Lkwow5EYzn25GoPusgK4Yf5fKN7ynsd8CaWnqUbbx,
2z24MtMNGjvsWnxzcT78cQMMXvc6oSFiWzJiATGcvKX9,
D1fn91x2kUakUfLtZd3WiqJkgTB9ULtPAnWBRfUNLXDc,
CT2YpSHLNdapKnnDh7piy4Goi16aN8JLyM5RJhDZgo4e,
2fKePaosJmPYdEFfLzRCoCBnAJNtiBrcu91aXLiH4oKN,
DRjCSeYc7GwsJhqMQJvTX4wPcbyMxq4uyKJUWtVRXC1a,
CvDRhHweLn322NWp9Gf1fmmvmqPB4x7n72NYSKG4BzSX,
AWkdMToMKriP6rhEGKezXHyZQFEmJBgfoiPhjHUtSHgn,
AkzQ1H119kgLNsujWMnLVtgQgM79YU6kUCUgcsWEB3Lw,
HDSihCpwbS5QrdF1FKKUw7K28ERqMS1zczoYxxgaj5Z8,
BwM3CKL2UHhxHfi7oDdLBxNqZrBSTiHjmWsXoSWuJEGD,
9TmGgkRkf2QsrFe6Ssb9staj32FsTccmPHEc6QJSAz4s,
6W3HNEweX2dNViWscpyuL8iVDx2iniZRPp3rakr2kS3o,
65LvdaPHY5LxyAQACeuSFNkYoU16NCWARyx3nLCFQKv2,
9m8FXc4v2PLJc62biS8S6HPDkDBZxCyMTThv29TQyzUf,
8Ne2nGQrgkLcrZdMtK5Y6UCofPDi5FYW1oV3kA1nvVj9,
9U2MUDG1nfx539y3UksmetRB8TtA8UTvYfRTP3XdALhs,
2P1vJsn11qf29xzjcWY3oSTSEqf8AULsvmWy312RydM5,
4JDNXZrrAdoY4ouZmfsbEyjXP2KNeGhkNy3hV8uqFscp,
CdfZ4j6Vu1Q5wdwkhZhFfTu7fcDZLX9EQ9V15TUpzT4C,
E46ukjv6UHmiJtCzoseaLBVSoadwroZ2NE3fWVyuqCQ6,
HdWttnPyyULveYpHpXXCXqFmJMLbfZwJHw9pvYGaRkos,
2V8BqHvfzhtQYg1sg35uRPfpeiMaJSABvcJSQDgXGnQN,
67zNcLTArRPcMJEh9bkLH7BkSrCdZ8zk9vrr26J5maYN,
2r8L84ajif6Wfhvb16ytZUTGxwao2ReSmKLkNWM1uBvw,
6fkMsmZzfVddCTQP7zvKsKT48L8JHArmxqMFztPyzoZy,
8qDzbrsrnav3zv4Mm2bghnC5mKKwqcPc8j1bqN1Nf1v2,
8W2bEiPrg91x2vw4oEaWSiu3JYcGB8tBT9wqfFuWVwu,
3cd3axfUZcXfG5sYiFYQLSdsEtiWovgfFLYEAJkjH4zu,
5bbMweDMFCeoo1t6oCfgwH12qm9esgAd5D9typScumH7,
E8rs4WGeUzo62BUZEuT48JVUWqczZAF2huw7xgaRMr3x,
DE4sXiWyFqAv5HRFcoLBHajJAhxuhKxUKXorf1oicKZu,
4dBNn8t3EHn9fpRAi1KTysSfsrNkw4kr1P9ACqfcQDYv,
DHcjTd38bWeYQo3MfSW5dZbFZZbabJXxLJZRRucVsvcN,
BPybTydgX5ZLbw85WJPd6QxdHk9VHWWsiDuGz14vHZGG,
3Ls9oAB4qZd4VvfanMP7bzfWZJtTk67xi5ALcWsVhqtE,
nyqgY89deN2CJcnTuNAmDxziY4hhG3rUvcb5GM32MwF,
GEzCN23h9CoBtmXWhKrSoBZuRJEuVVtj8NctrsmoYfsu,
J5VSZapbGHqk6B8ahGUy8cYEFhpxzbbrqRczQ8BVnoyq,
FG4odFFtcA5UvtMXX3xGAWEEzDtrX5GPjdRxukTMWdei,
8vRUMSPq3mfe43XiJTP4h26QsLT4f5idXP94KVWENb5d,
8M1QCDpyrZHhQr4BH3hJTb5EJVSk1vu4yntHxxoGpNo4,
CvDRhHweLn322NWp9Gf1fmmvmqPB4x7n72NYSKG4BzSX,
EEwxtEYuhE4NBS66EmfscQUWj9U7hmrzDfu2qna9t6Nq,
HMAUTVoVU3DoS5FSQbRMJ9pKceuwXP4jMWVzMr92C8gM,
Hc1he714USKYU15wdXYMFb7BqhxcnVXDkECU8A9enyXx,
6CtrTuNjGyPNnyBVTFjLHwQfsdDHr6zazq32ZYEQdiVR,
9A4SKLA2Hb8LfJ8RaLuzaqfdUCych4FhA7fG3d7dxdbQ,
3GccwiA1uMMviuzLmHhtV45JMEUAW5ye1WNaqJWANJDK,
Aj3KgMKZbMZYfS68nSMbHbRGn89rGEa2zepAEmHPFqM1,
6KrNspNXTc9QjneVVaeihSgWnvJddWFRdL1qwgHNDpDL,
FKMrrPLEhCtBkrBFKnT6vE6ajSXVb9PYS69wvoYvv16i,
AibKpPe5mTYXqUhKQQGVVUTiGEvpqUW8myFUc3Ttyyot,
6chzr4HPnwYtb7qpchALUKvfh5YPyJjnpJFpHGrS2Eyg,
Byq5C3XbnzrvXqkxjdCgKTjx8nsBSxRXu3N7ZjkXsNJy,
5iPzZCNqcBokDsMWWZJnSAaajQhVZA7o9tf5JJnQ8Gv2,
DoYRJY3RurDsjHetxHVGKqwKvfxNEznBMfdEqe6QJwSR,
9CfUG2RQgrEtMwjVs9Dt15GYYwepyCQPJXhKJvk6Du7o,
FVJyEWMsM2DRVRpBbkjM5S9ohFhheXdrT8QorD2jkgR6,
E8f7XZQs1MMzWhMtP57yXM9Xfp83eT29B8vyQ7shF35P,
7tw4wmJLRwk1KabVwE6aVYHZPFLRN3ZboDhvFsbRfxVo,
BbVaLM65p9dq5etas2Nf9utfmvZRsy6uQxL6bQ5Peh9H,
BLnRRWkpxSSzrMmwhdMCVoFPbDYL5K2rWQdqbj9a7Acq,
D4Z6bycSwPrdjzwDKAcz1AheLcoGMC4hpqknYGszw4Rw,
EieNozhJrd191fLnPTMx8cevCEHWPfkagHHpiHeiDK5U,
7kmLkrwv2vwBCmssxoXxgMc4sUq27p6ah9FHiNEMUBru,
2EZmUJuoR3516R2Ba9aY72KxjVou1fD1HyQKGFbmun9y,
2fhYFZK5sk9fXPMdCh2HxRGX71gPySxQH6NW4jE3D8gc,
CUy1c7v4KG7zjq2oAVAzQrmPYKakjRR5xEqMRjPz6rjk,
8x4q8GiCE4rkxdGofFAdBHWceuuZ2834XLDE7AeGD4vE,
EGAvuL6jTEYeb36UTx3tNFNC8KU3xs121bjUuYvapjgY,
7HHtqfjkAz8gnLT6unfRimGLFiLVzfT4YwcUK4QY4mbu,
2r8L84ajif6Wfhvb16ytZUTGxwao2ReSmKLkNWM1uBvw,
HZcrf6wGhVTG7w5nCojHWyyov5ST9xMeYcjac1imyn6c,
93fsVjshWKkVsn1sdvtBnXwosX7FwzMNzYUq2N8LXtJi,
DsgutaheSyC5EZErn6RLfWYzpuvZsyKtRCJSxqATQc7v,
Drue9xbiguCpnFVEY1zcVhfsFw2wyivFNAS6LwVvSyPt,
9PN9UChfMKtPCxEY17bF4sLvpWBeepsBmfzJe5jSoSad,
H2b9eJdFN5AjxvuZn9HJax2AinAbS7Dwa1kSmDzwv8xM,
7fKHeoYRuUrnvFd62kZhyuVtJufdkmiZb1aVLrPwK3vp,
6hKShgryGLhF8vmkzHm2zo1pBsYWUTJ3PMcifN5wBAnw,
GrkxpGr75YCMRXBe38mUJAx3HcXS3etTDTmVDJ9tp6UP,
8MQuZQ1KkAwd1L4brHvDHp1X4XKGgp7hC2GG1TBtWm7A,
FJTfzvsbahzLYtcDxiCVzYe5E2XHsREL84cv4mrXNVAC,
8YKFEaSeRmSKTLcXKA9PGrR2WqoQ2WTeGF9Kh6H4Tf3q,
2wcdvkEbbPbkhqMLxCi9PT5uk4nnqADThADRMWEpiyDz,
DpmsL1pi3jktq5aF4wpiPgrjhoKGKEJNa5818hY1SuJ2,
EYKe9ntbErQZd9aKKoe9xJqYUVCNVA5tDEqhsbYd5mL8,
7Tpzt3wFtq5kAgehinbSRaLP7UXFXxzP33FQq6VstgV9,
HfmL6ZCfCNq5zTSjazXnMdALoLayWSQsUkZPmjVf36LK,
2r8L84ajif6Wfhvb16ytZUTGxwao2ReSmKLkNWM1uBvw,
82oxTNEh7ove6ffnxzhnuvKqukm7Vevmaw5DUnJkaoSM,
BhsAmQndksgpeVmSCmFWKBTxRHujMaigs1W7jLttsWrC,
8pQYD2nY7zpACfT2kn9BxrWFwwNDLS7qw1Q8n2vrrwfn,
5hiLX9hjRYjPYk3NmjjgHdCwEzneArhNuF2DnpTZaVyX,
6mVbEsGejv4aPNRnV5z2229ynLAaJp6zf2Ao2VFsSgyy,
6yqDd4PH2zQLPN1M2JMZYCT6CHFt276WoeUCP7uQbgCG,
qg7pNNZq7qDQuc6Xkd1x4NvS2VM3aHtCqHEzucZxRGA,
2RjSRnM9bUskLVPX7GqC4pYeV4avnWV2hxprCcPKnVJY,
9qBwAa3ag7xJd5E6uFF6NvfCGXNJaeaXZnVunhxk3NEa,
DayEW21WR5gvwvawr7LWuUTtv8FziwqF53gV7cu1GDMy,
3Ls9oAB4qZd4VvfanMP7bzfWZJtTk67xi5ALcWsVhqtE,
6S7PUER3NCWYLgZWL1dcmn5kDtg9nyiZ8A9uMbvmYLR9,
6mVbEsGejv4aPNRnV5z2229ynLAaJp6zf2Ao2VFsSgyy,
9U8efwEFjuSt3u13544PZLDRaeDwLHJ1NqvdpxhiVmaT,
EYKe9ntbErQZd9aKKoe9xJqYUVCNVA5tDEqhsbYd5mL8,
Dd2XpXVKxT243fpaGsAVQj5GWBU7pBAo6JqZoxEzfKJC,
GbRgqsMqKTjr21NcLpoaVf44zTTXfzRJBCZ6TTGzSYHw,
J1pkfmG38584tsBUCtuyjqVDorV7xP4QafaTDxWo1rWt,
DRjCSeYc7GwsJhqMQJvTX4wPcbyMxq4uyKJUWtVRXC1a,
FrqCT9NqLWGsR5SYo6p47MY3bGSCtxW4NgMRXTiiDXk4,
2amBJvxThcmHptjLf1p46oQcBtDELkLx4UsWhPoycSSZ,
DRjCSeYc7GwsJhqMQJvTX4wPcbyMxq4uyKJUWtVRXC1a,
FMLw1q1RbWHJFxyRzGDPhTjULAQNHKZCnRwpY9zjf11a,
8SB9JWqJXu9DdBDbmNQUjJsVH26BBLCTfkXVFJMTMcDN,
G6kpp2gK3ZS2oa7ea8kPSiJu7bxWzgiD82sZEt3vc7bM,
z7hWqEMNbWz1LjZRb4KFCj4BEarpKE6eNxX2H8keEmB,
55VAJSwhb7SzRU3tuCUxv8H7t5YFNyeeo1BQ2wsxKYi9,
57dSCzrhKFSiLn68f8UBPikUbtqDboVHYum1M1duVq6B,
8kxrqzDLtHeW2LjrT1xhrGWcNSALpiX3FW6jeeftL4SQ,
CXnJtigeNwnTaK3hpu8Wrn12fLVVUfDHmKJYtrXyWWf8,
2r8L84ajif6Wfhvb16ytZUTGxwao2ReSmKLkNWM1uBvw,
G4F6f1emZqkN1D6xVkk3pzLHyzoaFycsmEQMTZbEN1WC,
Grawmyick6HM3K8T7vLeUAzAGcE9ku8wBGs734dNfMeS,
DRjCSeYc7GwsJhqMQJvTX4wPcbyMxq4uyKJUWtVRXC1a,
E8rs4WGeUzo62BUZEuT48JVUWqczZAF2huw7xgaRMr3x,
HDSihCpwbS5QrdF1FKKUw7K28ERqMS1zczoYxxgaj5Z8,
92PejedtuCgz6iL8smCmEE1fB91qfTZKjDHXwLzv2bar,
21KqtqBVw3pAyRr4nNUejg7dcajtCVMCN2iByfDY3cRw,
BkkSym7um75nycr2dnBauvXvFigJ6gztDKY7uSf18H7Z,
ASt1Vk3o6YQJfw6sGpjPmzFudtEAToZ36L6AqciA8AVJ,
Hkj1qNn3iKf7s5waWomSr8WdFEAKRYM2RFQdYcXeEyJM,
Bc6TNAPUr7fGvWt9ukEcVgy8GsUAb2z4VmExm5DxbCvb,
Fvin5dEEsj64hT3WvnEE7RTruzQNu39HGmrmVae3YbR7,
62THyzeXv1SsWH8ChKr4d1amd6KzFNyzZcywjfJsEnEf,
HtaxguSU52YFovF5EY2Y38x8dGj6mpjxccE5QyfWXkUX,
GMUZunWxAdeEx8zz58fpSXL8YC6uC12G6a5UYWToYNZf,
5CMsBYRMn3hqHoc9XttPhApnMFpdEN8ai14HxUiDPMRG,
G2soNMKJJCVsszQFXLn5TW2Z9krY9Qt1krH2iToKpsAe,
DRjCSeYc7GwsJhqMQJvTX4wPcbyMxq4uyKJUWtVRXC1a,
5yF9v5L3t6KCDFic2w2hmxYNZMs4EYNr3gA1TWJpTraD,
75SsftLVtyei8cdbPQyjGmEJuctZkPCKo9L3dcGbRPTP,
5QXxnm9ZcwcFJGQsKhCjuSngc9BhR2RQXjx1f7rFr3d6,
2ttVCvT3qZRmLbsjMrk2vxmu99joeravVKef4YWHX54M,
DRjCSeYc7GwsJhqMQJvTX4wPcbyMxq4uyKJUWtVRXC1a,
B8KAqsRaG2Gci5PhLBY8EWTdEgXkS6V6LuGNQCvhV3hm,
CXnJtigeNwnTaK3hpu8Wrn12fLVVUfDHmKJYtrXyWWf8,
ps9Tkk19dujrfgup8WdDawkQ3zTrnumjRgbAQH3idNJ,
E8rs4WGeUzo62BUZEuT48JVUWqczZAF2huw7xgaRMr3x,
B6o6yoQ8VhXMTvQuFrRvrJgEkC9Me3gmfwgtoX3iHt95,
6pgh5PJxpAN8FN6zJ4UJomfskGsmPha1MC2h24bSLqAt,
8YSMdNCENoKhNNBhYGQ7ZJyENXiVPEC6MdRKMU9iNvmr,
6M8cmuj8WB3abNV6R3FHsxpuyzjbaPeVfkzGQQpGk46R,
4pvJtFyYp1fReJ6P4XbYu1Xu8jG9ECEmfCN3v7eqSUos,
DRjCSeYc7GwsJhqMQJvTX4wPcbyMxq4uyKJUWtVRXC1a,
5SGkGbsA5zak15v75xNHeCbf9ZK5gBHXh1iGpd1mTYiU,
BFsMWMoTm3p1KKweiHxMcAZnVRZ1ZE7yBSmKJxTb1b8p,
GeJWKQYKPNMa6iHwAF4MgRDms4jXhrsNT83KCf2A6iqy,
9UJQveSHnhEcut2C7cufE8VKiu4HZ24S44xxpmFGKCvv,
BoTnuV1PJm4NMNxaCe1RwGMUf5HDRGAVYAgQnPi2jqL6,
FviXfKAoFSeynWFG6UVPqC66pKFsDw3yxppXVn7F6xC5,
9PN9UChfMKtPCxEY17bF4sLvpWBeepsBmfzJe5jSoSad,
2Btw9K617JwuBrXa6FLDimU2rg5y4uEmgK2jGqVmxNi2,
DRjCSeYc7GwsJhqMQJvTX4wPcbyMxq4uyKJUWtVRXC1a,
8Wkr3jAYrh2fhQBgJ2ekMj6yfVyXtCmBsSBhDPhmjuZR,
3S1yqbJifoDfEBWYrM3KYHAA7mFcdCQvRhYaNF1b91Rc,
BoTnuV1PJm4NMNxaCe1RwGMUf5HDRGAVYAgQnPi2jqL6,
FqRXiaGCPTknwME5xJDfKvTDctkMraBDqsVRcK7yG1kA,
BHpQMZuJnUSC2dgCa1sEJsqYhoZEY9ya9F7djuyLzzxy,
GmpjTy44PszwrjrTCjJdbLkw7k6kX1BrYWXbtobhX8SA,
5EtCT1idgTT8G4QVU5vVFPXSiXR7vzDJ94deTFNQ1vaP,
GZtdXEHt12jVAWyeHZArrbXgCp9dhkB694Z8N6aMgzsB,
2LbhLbPCRcTMfX4BThWczxJxmM4mbz9eN2e4miGxyYbg,
37E6U5dUk6dQDS2zLQ3b2698JL3Z6DuK8uXCKfykbTtE,
4kJScskiS9ygh16Nwk3Sr3P65kFmBuPtq2seaPYnjMDS,
CrRQAyM46h2qeNrw8EdxdwEjcKH1FhYtFnChrbMUFkZ,
FXu8DTgjWZ3oY17F7QzUvD8iEBmGcM1NmyBkZYyXPJVW,
EqLFbB3siaf9dSd2UuemDDbEhNg9KBfqKzE4erQCi956,
E7U6z5yXNsfgrUkM6DwifnQXZhzVe8zMJs8VgopdmP31,
5o3Y3L7Ms7N8MAdR35zTkhXuFQFsn2oKMq3ipTx27uJS,
En5AkqJQLezxj4TR1xZwEDyXVK2ADomEda3toU97U7Xt,
9re7GGpe9nBs4yuKpPU34ewkJAh1CNFxnqWj9VCycCcP,
2Gvwc5bbhqdzfXg4HCbaivbYCyyCuTJFhZjxiEdpgccE,
6dxzNCb7XAiJo2cUzQiHnRFm7GpyDwNRD8wGH3njVKP,
FLJ8cwrag7zb53Z83AbQXdjMg2vpLjZJG3poR4fkJK4H,
E5FLKH16BZPPe4rRfWecmZ1ykDcz2WkA1RTDaxQ5MmbY,
6mVbEsGejv4aPNRnV5z2229ynLAaJp6zf2Ao2VFsSgyy,
DRjCSeYc7GwsJhqMQJvTX4wPcbyMxq4uyKJUWtVRXC1a,
C7oW83J4GS3NksqxxEZqkvFyJiJVWRD5Wz3tE8pY6GUx,
3DSXZHqhoiSZ2xKk1iApBD2icMosWUAWGYePSLteZ54w,
HZcrf6wGhVTG7w5nCojHWyyov5ST9xMeYcjac1imyn6c,
4tu9fjczdV1PCe6vj1xt1FzmHdtUpYCvVk4V1muxV1Sq,
CXnJtigeNwnTaK3hpu8Wrn12fLVVUfDHmKJYtrXyWWf8,
6319fDkraT8wBS6bP4h47YnxcB6KVRAomPR7jKqAtD3n,
FjPPzNPetzQ7Pzb1bFsJJyxMNfGwga4UWJitTDEjcZCF,
2vTuPvovt4RB9KYguvFLx9jhDqEcyqtp4q8DT7GhXa4u,
sivCiVm4JBZW4L9yWoHmcqR2xHx6quV9WF1gviE6SE2,
BjXTTaSCCLVHvvPUBRQRLakAGETE7TGcWdap8N6w4erA,
Dq9dc7yYCjceaoMQ5npt2cxKwuNtefjAXHd5U7ePBwCT,
2pHYtNUD2sZX2UdYzyJu6hKdU3XAaJZg7w52bksRkdQ9,
9PN9UChfMKtPCxEY17bF4sLvpWBeepsBmfzJe5jSoSad,
6JY1U2Ads1gSN3VpuCeaamsfvSFgWmhgvNEELepMxukv,
G4F6f1emZqkN1D6xVkk3pzLHyzoaFycsmEQMTZbEN1WC,
3xf44JEL2TsnzuVfZWRoUge7Hg2PU6vb1ChsusvQwqLX,
8fNsw2xDpvXNNEQx4T7RxWWZ1seWTmgYFFG5FtdxZVsC,
6mpRjRmQiEWTykWPBsBf7MeRwBF2q9qPkFf1BxvDJxaa,
HHRBu6ezViUDi7be1fYSRGmH4HSifVR4UvuitYiZChnt,
CvDRhHweLn322NWp9Gf1fmmvmqPB4x7n72NYSKG4BzSX,
2o23krZ7rGGpoJ55F9b337NsMh3B4Cv7rVkpisaVknsz,
EjjsekruNS4h7YpKo37aSRu1XDjUUYMEJFqk7FbBZQEK,
6simnhyU6YRdrmfuPhwBuAz9YwC4MscQjavuSDe6nCjT,
7Z39U83f7EfNcPpNNR1TrKkgxkUDXTMpo2TgJWcrehRC,
DN7vyYmBED7JazHecXcbNeNXCPU1Ato2pdGRKmJ8cRSn,
7Z1aAKpza1nupr9t3GZwEQdHRRTauUxvHjY3kMRZ2eZ9,
B6o6yoQ8VhXMTvQuFrRvrJgEkC9Me3gmfwgtoX3iHt95,
6dZpHvpDi1JzFdC8YySfdHHTh625rYUqoi5SmrZFPEQf,
BoTnuV1PJm4NMNxaCe1RwGMUf5HDRGAVYAgQnPi2jqL6,
25afdyYqH8UvRKtABHwVFqkNBXg1zJf8oVRTaethM23x,
3yCkkoxcJsndDE528ZczcAehc53dkn5hMQFcTiP57KdJ,
Ef8v6L7duyhXYga6Mg4SmU3BN8K5Q7JonSSn8dYDztuR,
695pqs3VdB3TzrHiCSvkzapNL2GtUwPo2z9hRP9enAb9,
GYLru9bfAsLTXRpn8QQonnyB9hMyyrhdNqk42JVymSAm,
BDCyt1NrCLPF6CC3K2QukxHgT4RiDYGb3c5Y2xx1tWsp,
5tQkLPny3TctmCPNQH1xVXS6ziv9wshADVHeyodW1VgS,
HTTQUCGsW2StXJLSy9ERAuSMxwf2fxdPu58odG4WLirC,
CrzZVV4DSqPQmqGQ129SToSNbCAkgdVx3MXEEaSc2ecu,
HBrw2RP5fiVBekChdjGMPkVNDyKxeen9A26tKTWPhpBj,
9PN9UChfMKtPCxEY17bF4sLvpWBeepsBmfzJe5jSoSad,
8FobUcbdUD3SSY8kRrNxV1THhkmdWH9rfju5J9Deh9T5,
CwGecEMRtia4TQRi3mAEnvnDnud4KdsnfuX88mmEvhCV,
BVB29qmdqkEBEVvZyJvpGJrkt18auvpgcvvewSfyXbTp,
DRjCSeYc7GwsJhqMQJvTX4wPcbyMxq4uyKJUWtVRXC1a,
BzsQ9qerFzQUJ6PFpFAcS3qdmUPgByB5Dttt5PBigMs8,
8fRu3NKyJeBEroi2uExhAYxoQa5DvEDwRMfKWN93j1cc,
HMAUTVoVU3DoS5FSQbRMJ9pKceuwXP4jMWVzMr92C8gM,
CwCLrLT2LTWyJJoAnC42oTcJr27y24Rfq8ax8b68QFug,
7LN9oWeEZg5PoAEVzCGwtp3JpsaLq8FFEn3uknbDMAFm,
GQkyaWVZ8id2jtEiDnLe4XMnmAe2u4uzBSPSPSdqJtm5,
9WaHYz4SkxDiDLe3ztJ8vR3bmnE1mXetBMmAXeHoa9kW,
HxEvJqMmoBSgX4KfHGkgDBQrazkvYMduP1xap5XRNHWV,
EzY7iQqN8tCqZA1uUBVgn6fmJjWXHfMZLKfLJxAhggom,
CNwydcVhWUhLeRbsqFXJqpd1xFEwZMJPEfb9vGb6XKKT,
3nbLmGeYurTtwkBfonyGDgTyrwoQsA5T5uC6CjwBSdNd,
6RThqrcYEhUmMezRuf1MNUw5pf7DW7M9C1d5Xi65GY1K,
7r8brXotwcZArbFFzoWaSETMYmM2s1q8j8Jx4rfdMtuL,
914oZGiNqrJiSj1SSnV5tb9Pt8hXt2s2QJqrNJzzU55,
HZcrf6wGhVTG7w5nCojHWyyov5ST9xMeYcjac1imyn6c,
HDSihCpwbS5QrdF1FKKUw7K28ERqMS1zczoYxxgaj5Z8,
DeVgnpVYatEh1XsEB2eNsDmg5YJbH9ozduiYgj9gWcHi,
278BGbewnnYHEwvwDwdwek4YfnpxA8ijJZKfFCJYovd6,
8pQYD2nY7zpACfT2kn9BxrWFwwNDLS7qw1Q8n2vrrwfn,
3n8sJV1irrWqRr6ToXib5Knnfys6ibFewuT9c8fY5eZs,
AShTK9B9NRTXVL1Z2xPKypiF5nW3d2bnQ636FoA9pxzW,
7sw4oe7bth6iRGyToBmrAb4AvXeCcpCi4xG2uhKnBeYi,
HT6greUHvLEBqGFna8LU12e9fWi6uaCp1DMSXoKSPWNL,
9A4SKLA2Hb8LfJ8RaLuzaqfdUCych4FhA7fG3d7dxdbQ,
GgodrVYZNsZ4WsBG99EjmyTvWhdrMQEFJH2TYib7reHZ,
DGbqZ2Cqjn5M2qAj3Kpw9XTZDA3Wmbi236yLGnMzzMKU,
BFqG1kP3MRKkhkLpdLPN173F51U7yNsvKyDedcSNxD4,
J5VSZapbGHqk6B8ahGUy8cYEFhpxzbbrqRczQ8BVnoyq,
8reDspRbDjrNF6sPQxCdH1qWRZiDHuSNYyz7VqDK3ygd,
D4kEZgHBshZfBF1xnZKHZiuCTo4kPZAaAxCANCvmkBU,
HBrw2RP5fiVBekChdjGMPkVNDyKxeen9A26tKTWPhpBj,
4vbToHqorSSq3WtPxYjsvkFfuAsZgaXYiaNTzL4RintA,
5XQrQ9uAtHCAXzpNJvUEyrTkEYhndf8Zonk7uSN5MKHx,
5KKBtHXbviaTZH4pp4triqFzewJV6pynfEtJN1yP2TxU,
B6o6yoQ8VhXMTvQuFrRvrJgEkC9Me3gmfwgtoX3iHt95,
JCrrAQLVKL83S1FpR7HmouSUrA5zqsZkThT4qXqYR7Mv,
FLiLrqLizCBFAosnUTjKHA4jGnRccpyrKpznVMLH9SkN,
DRjCSeYc7GwsJhqMQJvTX4wPcbyMxq4uyKJUWtVRXC1a,
ArjVUeXuvYP8qBCi177seV1vM6XvpC5yctkR8hPEXvjx,
5W5EqzHbrPSRE2vgqixR5BW191z7nhrmvRSUrDJnUFey,
HdWttnPyyULveYpHpXXCXqFmJMLbfZwJHw9pvYGaRkos,
FjPPzNPetzQ7Pzb1bFsJJyxMNfGwga4UWJitTDEjcZCF,
5yF9v5L3t6KCDFic2w2hmxYNZMs4EYNr3gA1TWJpTraD,
A4JSMp7gNcBwKAxXib7LNQTvqRkiXoqagoiYnmi1cbZD,
4djhVyvx4xQiEddgPfqDPBYLyzy32VKKF8YxanYSD67q,
GrkxpGr75YCMRXBe38mUJAx3HcXS3etTDTmVDJ9tp6UP,
CwAQHyhQfxnEcQm3kRMqjFfWBQWREiFMuCnRXZ3QU76V,
HHtMu3SwzJYDN9mPVRW2iZs6vJpebKbKHQex2JV6iReJ,
25P6kKa8ACeCPPyCswhTgNWSgeLdQmPKxvA31c1obQVi,
HBrw2RP5fiVBekChdjGMPkVNDyKxeen9A26tKTWPhpBj,
FrvMeQPnwfwxkKVs4G6EfsVdF8PFJMqd8sP41Xbk5sPX,
9C5wkhwx5dX5Q3WePkL6MSNXhwwWCFLepx4P3QjLZaY6,
9SuaQ8TW34Nu2hbvwe7GHgAtRCW4Nw4k4wU4keJPALuZ,
8b4WNbU3fpu2dnSRuatmPcXRk535bJxYMiPsLtAA4ihk,
HZ1fwh6KusDASkWRKVLFLXCeWT7kJABhikQWXs6mpq9a,
9rad3yBZpmLWvCqLjTCgqGPcC6PPHgtcW2buhsnpq72A,
GgQCio8ACxR3bVe2sicfNu2wA7TWej7E5aL4yVD1Hx8h,
5tCZn4HKhnrRm3DLUYcRZM1Fyjvvb2BSdashr7tNkbau,
F1tqBwo75gKyP4jQYUbYHGr62hV1YBpZJZQM2exETUhM,
H6Tyy2uKy9X2G7stzWDpd1mR2q3KWpUhg9159PXo3MbS,
8Usc28TFHcgwbbD3hSYuav4wLWZnTDfAq8kGnb4wHgr6,
BBSsf7uA9rCfMwu7pkseBkst2JGgZZR4twQk9Aaz2r8H,
ErKcx7oQCpqjGfbU8oa87aXgrZjxoWDkiRsDxGizcrAG,
E8rs4WGeUzo62BUZEuT48JVUWqczZAF2huw7xgaRMr3x,
2r8L84ajif6Wfhvb16ytZUTGxwao2ReSmKLkNWM1uBvw,
E8rs4WGeUzo62BUZEuT48JVUWqczZAF2huw7xgaRMr3x,
62THyzeXv1SsWH8ChKr4d1amd6KzFNyzZcywjfJsEnEf,
DzG7DjcjFFiW5wRqeh3goU17nJDQFcAg1Wu9cGKUcZzL,
3tD39zjGDv6q74L1uUeg3Z1XrAiBPQ2GPgRscSfpmrML,
Gqe4aJY2KSyfFovogb3aucqQVbX4B7JZ8DDPihU86gwk,
H8fikmHFzWcch4EXsvHmxztsFcyi5QDWHg1EagLCvAeq,
9i4QRByW3igV4webc9cX1jnwQVwdbZ29a2HUNof4HLgy,
GDqRhkTEaUohLcsRJgdccQugH6xPvWnc6xEiADEZmapu,
59PwWbKgB1qrnJkscMC6un9rvFuNHUR9cdShiprxem11,
CEvZSadr2iHriujwWGPtYEwL6G3ZtcUL3ZaEkDgEaa2r,
2LYM7ivNoM2mGz8kZU4dyLQBXEGRJaEkdhzScbuF6g2n,
FJTfzvsbahzLYtcDxiCVzYe5E2XHsREL84cv4mrXNVAC,
61JJAsKgtncujTG9ygafSG5gBAcz7dPtGGbYWw3AjRUu,
9rad3yBZpmLWvCqLjTCgqGPcC6PPHgtcW2buhsnpq72A,
2VmTU4tUnvkzGDMUvqrGhYamEbtcestZyQKgCJp1LkHJ,
2YHypSLH2tSmUks3HZKPojcB4TvDoVWQ5AHQbHZpSctP,
EdcZ2EiNG4FcJvNGAaXQc2ggop13XZXF62ZYRnBX1YcZ,
B6o6yoQ8VhXMTvQuFrRvrJgEkC9Me3gmfwgtoX3iHt95,
4vyXhJf3r1TbbS8kfB4Ch2M8vVCovBjVTuHpDVzBpzeq,
7tw4wmJLRwk1KabVwE6aVYHZPFLRN3ZboDhvFsbRfxVo,
B54H4ytp7imBV5waRCcQzwANG93YokgnndGSA1pkxAQ2,
CXnJtigeNwnTaK3hpu8Wrn12fLVVUfDHmKJYtrXyWWf8,
DRDMW6YeW8DkcZvzWwWxZ3WuFxmiKmjEA7KRQQNvos8F,
HMAUTVoVU3DoS5FSQbRMJ9pKceuwXP4jMWVzMr92C8gM,
9A4SKLA2Hb8LfJ8RaLuzaqfdUCych4FhA7fG3d7dxdbQ,
CXnJtigeNwnTaK3hpu8Wrn12fLVVUfDHmKJYtrXyWWf8,
7jVh1bwzVERtGFDzS678bH6bqTKWuEGkZ9fH2eBfYxLw,
2pHYtNUD2sZX2UdYzyJu6hKdU3XAaJZg7w52bksRkdQ9,
ERZbuQPfuxvWXw54vtFgkGgMWcig5ZGjZzn3v7RDqmEv,
8VhsarCyKjdyUWY75uYYYku9bzQCH7T7rV6rkGgR2pPK,
9BuSJfThPvo7McLAtEdWsaBVjAygbw5XQPNbjyPB9zST,
8pQYD2nY7zpACfT2kn9BxrWFwwNDLS7qw1Q8n2vrrwfn,
2pHYtNUD2sZX2UdYzyJu6hKdU3XAaJZg7w52bksRkdQ9,
BkKdeDWGxYR6TDm7GpoZVQeYkEgn9ZTUFQMsLiKvMEZZ,
DeL6m2rTaHyBKmAzA4nV4A2mHveDaPrLHRxaHyTmewMq,
9A4SKLA2Hb8LfJ8RaLuzaqfdUCych4FhA7fG3d7dxdbQ,
DvvB6yVkpREyDSxQxMw7RT2tG1qU3Ptch2ipZgJakShs,
9boLmJfe6JUnMoUEP9h5cvHimgWdcoRm5VyyH4me9qPM,
D4DS9GREZzEU47JKJyWNzS3w8xyxamQB53YTfTeQUDTR,
A7xu24uRt6Yf1eQfi7rcH88nHzYHAYL1ZTVrrr5EVd8D,
JHLAknCRV8XMBLuiM44723LQCfP5xGLDDjn6AU1P1vQ,
CvDRhHweLn322NWp9Gf1fmmvmqPB4x7n72NYSKG4BzSX,
7vyV5ewkUTcLgRvAA6LvrX9naaxhme42CfsgbDqjnqoK,
CEF841RXF9hXS7T2He4BPfjHdmLBgw1ZPcbyp1dxEjZd,
BTkhyCaxLi1cPSWrip39vWP7vfUUEhechLGWDWLAk4wz,
EgA7neHps9AhRTKWSv6YnFBLLBDRgVAoDNxkY9Ru7z85,
3eigz2smintgLpWeDBwMFMsX7u7kuodV6Q58jBtGV9nT,
9FjPDyip23XZBkBJzAyHhGhwiCNLexn69Yf7ezvNkA4z,
AoNHw7MsaitZ3X2VNnVUT2iPeGA4jYnFe57PqcrXGc7G,
FaxsKmdgZS1Gau1swEYaNoVTEcYU5EvN6eiPkrANxRgq,
J23xXRoddaMhyQmyijSA1R9ETAJ2oMr5t63AEFoXD8XM,
6JY1U2Ads1gSN3VpuCeaamsfvSFgWmhgvNEELepMxukv,
CR7gVYbv7vgggsmM1iLoQZYfMiCEsgKcK6Me5ymXX8NC,
CXWr5Hv9Fdfy8uD7pckYQ4LMeiE3U8PCpSrdzZoH5Mgq,
FLiLrqLizCBFAosnUTjKHA4jGnRccpyrKpznVMLH9SkN,
2PYGFp7NV3MBMKy4RpN1yVbqAocfZWEA78wVua2sQhae,
D6NGyguTtL5Ums84yh3TKzLMMJAGKULmEgf5Fj9AuD5q,
5PrSyViqMdvZLitPSppcWSJbVWjdnNCzE3jY4vr8hBom,
CFRMjEL1U6uZa9HQhUbyVB3nsfUinJUyvFZRVwPom7Zd,
mCQpbven4Sc5UBkWzYv7qGsgo1cDDf3tW1rYcrruY1p,
2CEPGMwh2UFPn27RvZ71bjg41xMyXKyvepwQp5XsjxBi,
2Q1VdSGXycZPuwG2HqNAZ8RxAK5qDjeqCgCTs7DwyQDe,
4UoaSzgABtbHu5Vb7U67X8xmZtmHoun3kbkSQt7DK4AC,
FT2SqUAhS9oAEY9UwPbNPJbfAM2Z754jDBdv39wY4RAi,
DN7vyYmBED7JazHecXcbNeNXCPU1Ato2pdGRKmJ8cRSn,
JMwgVNGYrzq4tnTu7cBtoyswEryoj9eQZnXzFzoUDuJ,
9ddyhZt8wcV7bbcmzumEUWdxfXYJKbChUi7ajbWgSkYR,
8fNsw2xDpvXNNEQx4T7RxWWZ1seWTmgYFFG5FtdxZVsC,
6Km2je9yL99MzJ3cNkSAxe2aywmVhWsScww5MxufAaGg,
25sTM7p5J7sg8RsvAPW2xDHjxhQARtnYqG3uRaewsGPF,
3NmwSwW3D6AQ659uiUt6jrmz3QL6UUTq8vcDMk6Wh72s,
Cf6y88CYMenJYi17u1cxJ84kcJ9Kzb1hzRH1Vw1e33F8,
9LN1fk1uwYeEGMiEriKXTGEKLHQxMd2JDS32yWsfKWZ,
HuwLeDSpV8PPfig9usvkBP2GPCqLzo9rcCPdVp1dvu8C,
9M6DX5WbHKwCu1BsvXJ4EsEsrGgUYf4xcgjqQLvLUzvZ,
GA1VKEN7pKeXveaKK1FzemdVmnn5iNiksr3xPLFF7aF9,
FnmJqK8aU1GiMYrGfPpqgrH8EF98ep4dQCaexovBqmyF,
GrNVkbqoJmBmmczGLMjyLRxA2wPRye8F9AAfoDq4DHbo,
EWGEH3XDi6VFKSFV4YXuovTUEdZvCxdAV2jiQaZFvz2W,
AQJqtTJoZcqrNALkgqkjqFhnyF6mPNSS6vwdhcqWwrk,
FUeoKyPk6UoZrcDYFam8UQ9XfoMvFqZPJQojBHxNh4Ab,
F8yJjxrzGDzKSjSE2dLXAZkNFG1Rcupez9UjSKo1rM77,
HMAUTVoVU3DoS5FSQbRMJ9pKceuwXP4jMWVzMr92C8gM,
BqpiTCkZCZ9uECk5j1DPxjd4DYYrpmGCWfg2jyFieXEt,
3cdPRRsb5ZrSwMmX6GAdqtMBAkYy26nJrpBJegFV3mAN,
22Yy7AnfM6jM3CtRKpo1AitHis4W2hizwKZxtwLYacTz,
DBwA2hgSGY2FTCohwfDSMN4v446v5yrMK7i3ntHuJdZS,
T9NeQnczpY6nY7UWrVkjx8GJDUPk2nFWojEkTjYxR5u,
D9qcXqkAy5jHtsDJpqx2aYfdm35Krgmc6zwqgdV9J9uZ,
AspdeArj5f686peJHPyb1vgFJE171p2TRYv2J61WTXMB,
4phGxsdgJQ9Sm6fZkizLQryVTi4LQysVCCbf1X1TkM5o,
8t8WrEFYU4ab77JJKgsAkJ94Z6bVuJEiW8qpsi3kxoaY,
B6o6yoQ8VhXMTvQuFrRvrJgEkC9Me3gmfwgtoX3iHt95,
HgyQc89MPdxrRDJcq3rkDQNxEhhiD6VFCQLP1i18uen4,
41LsP8AZXKfZKL5D2QkbdG8gVrWpaUYqFqVse8R6FCRn,
GT1c3KDUd3JMbbSthm41DzoeiYCzxSot2HJaNSbZC2Ag,
CdUD2epmNSk4p1yYMa6zNfpWbrSHYLZhSv1WLo9Y9zRU,
4643LrHUqwnjdc6MZTgGAAreizjx5yk3QzAr7yT6zfxh,
4dZBuyvoeZ4JQmjD7r253GW4z3Chsr2p4inXeZwgPVtd,
HMAUTVoVU3DoS5FSQbRMJ9pKceuwXP4jMWVzMr92C8gM,
ATss534tF5ipwH2DVpbS7Z5qqJwk8BDHMRCnS1u8KDqu,
4efsCqQsCnMy9SNEy7zFm5KscoF26h1CaS9ueEWGDShC,
6mVbEsGejv4aPNRnV5z2229ynLAaJp6zf2Ao2VFsSgyy,
6mVbEsGejv4aPNRnV5z2229ynLAaJp6zf2Ao2VFsSgyy,
Ey3rvnYxyZfgYtMWJ7ncX6ZF2JvSa9ksZcbvhwAA4TDg,
FGBfDc8ibNbJtjGJHePKPchR4vSHN2HTEa3jBbgVCkXQ,
4HvKgcSdLfvdHcitwik35Xb2ujxZgy5vQUBnrzw4o2WK,
3sDSDbtjapFxFfVYCzeEAV5ETdfibjbGDxMyBa3apocJ,
9LMrX3DmQTs9bjuZYrmoum4SY9dpgoE8T4aYQ3ePn6Hg,
8AyRFabBPoyfdmRyuXYooU5b6mBjVmoj4xxn35ezWHWG,
B6tqrET4NzzovnQRJsbr8RDMC1NtWZr7V1KkdP8zs6ap,
5grJXKe6gxBXyTZG6os6BBJ4YoSLcZmG15x6U6ATxABi,
4mHnaxUZeVX74R6AkKMqCXFDv8sdELYDoESMoqEXTByr,
D6RG8aRiLZGv596MfidjnwpGdB7shTMKxVokEBsCPX6i,
9PN9UChfMKtPCxEY17bF4sLvpWBeepsBmfzJe5jSoSad,
BusGhT7dX6dTcp7FerWbnGGEz8k2EYczm7NfGqv4EWba,
8VD7AGMXokNf1444AJyShig8Xafyb8sa14hVtgcsGVHp,
BoTnuV1PJm4NMNxaCe1RwGMUf5HDRGAVYAgQnPi2jqL6,
5SGkGbsA5zak15v75xNHeCbf9ZK5gBHXh1iGpd1mTYiU,
DRjCSeYc7GwsJhqMQJvTX4wPcbyMxq4uyKJUWtVRXC1a,
9PN9UChfMKtPCxEY17bF4sLvpWBeepsBmfzJe5jSoSad,
4QdpZxhWgPVVbFTeMs3LUNvwmdvavN5UvbvHFkhNFToR,
7vyV5ewkUTcLgRvAA6LvrX9naaxhme42CfsgbDqjnqoK,
FviXfKAoFSeynWFG6UVPqC66pKFsDw3yxppXVn7F6xC5,
G7DDZNm7GyoRnGJ2QHeaevDeGWMut5gXBLNK2sKWTN57,
9tACdCcVsXYcbbCDRTirtSjMtCSpri3LpebUFc3DBUKb,
DErr15EzRRQdce6rEHgfLPFqjHVBHpzqZZQRfL34WSwV,
3MjhHpXSYNKMGBeg2fN55FC8fKRenj9DBCAuH6VQgwLK,
4SV7j4jFYyGaRhnj1eKcrdXAUdDZYDP1DhaEPBQ9n89c,
4umZ3Gsa9FKUTPR9E3FbZvnW9wg7i8DCo5PjXhRn9oeg,
DRjCSeYc7GwsJhqMQJvTX4wPcbyMxq4uyKJUWtVRXC1a,
5SGkGbsA5zak15v75xNHeCbf9ZK5gBHXh1iGpd1mTYiU,
92PejedtuCgz6iL8smCmEE1fB91qfTZKjDHXwLzv2bar,
3c3cM7RKxoSh9ANoq1yJjSy6EQ1Twqa7BDaHQng4PRTh,
3BkYDVBUGVV9jiMA58zYoSzDy3HEEG1Lg8NsoDSUw1rr,
Dzm7CqpCfALs7b3YvDcQ4xbq8voT6n8qwUUGmFCdD2Ue,
9Lw7tZA6KH9sdHJpgtwXVZAwXUxpVNfJck9oDWXp8nq9,
DBwA2hgSGY2FTCohwfDSMN4v446v5yrMK7i3ntHuJdZS,
FcxnFt7xAGAT4CHiJhtmCbnuP7dwzCmMoM4CG6cDxMvn,
9A162rrMHab7m36bsFbw37KakPpZbcVYTYyLLEcMj9ah,
8pQYD2nY7zpACfT2kn9BxrWFwwNDLS7qw1Q8n2vrrwfn,
HPWTUuWrjMrQgBAYE1gGerEdzU5UrLGvbwEzSsvxh96b,
9ivY4UmUXAEyC8zdN58J1DFEUUASa2ouawa3qwXVgSbq,
rFLDJpu274pbuLubd9wRnsoaQftbXGYhF3z6hWoqiD3,
2r8L84ajif6Wfhvb16ytZUTGxwao2ReSmKLkNWM1uBvw,
8eoq3HYPrn8tPJze5QgAC6zr6dAoXJPyzPHn2cyHnCej,
zjnH72aK4eeXiPcbiq7SRaHf7WKxW6oWpGxqs6iCzpr,
4JpPxFYk6QMghSbiazKLhPUv7kCyCuo16rKjDZ9SSuzE,
E8rs4WGeUzo62BUZEuT48JVUWqczZAF2huw7xgaRMr3x,
HtShJwMS4pHqjs5CfAejmvjsMCLCRSn3Tzz4nPae63vb,
DKFu4pxCMxAZmARpSDgfkcSoCDEDxN8mYcGywzAmDRh7,
E8rs4WGeUzo62BUZEuT48JVUWqczZAF2huw7xgaRMr3x,
CxuYNP77G22yv36YWBCVByqBrKuPbi4NKximawjVXiTf,
8SgVBJqUDqhcrC3gTHbbBtrHnqZfz2ivHUkeyE1KNH58,
GsuZZPemznVV6gpNKGiSZRVWcHjXs3hyCC2xLBTzvWu2,
HeK2sGXsnkmHBcLex2ovdoFNZcJeJQ6T9GvtowyLtJn3,
9PN9UChfMKtPCxEY17bF4sLvpWBeepsBmfzJe5jSoSad,
Fh7jUEFkTCwaf2rKk4y7o2B7wWhLrj6zUqzxzsdLPPNi,
FE9wesvW9NUBNcxQLNVV1Yc4d4tm81HkmeyWGfm1hvny,
DH3BuVXvkYXXuzT69gNS5PzWnPhy3Qhoufexpjj4ytQ8,
3NmwSwW3D6AQ659uiUt6jrmz3QL6UUTq8vcDMk6Wh72s,
BgJwBzEKjqUuTdpxuCwpCjLLkMpTyAvqN4u7guk6qTxg,
24QXeogb14R7wG2cTtjydGmeMTF9sk7Bv82ztgTEjtkD,
EEwxtEYuhE4NBS66EmfscQUWj9U7hmrzDfu2qna9t6Nq,
4Nk37hHNqDHwgVbJJ4MhAnig8JbgGxWsAQZkccR13qgs,
5v6ir9kLoFry8rh9tSBydyKZAWycCEqBFvVWrNQTDa8K,
BMZ3aRJcAhCvj4LcmLqgTDK4P9FBEQATYSweSZrXBsZf,
9NRyyDnM2M6yCV3okTZXsiYnCuYCuhRZ6DX9S8SnDHaD,
9WaHYz4SkxDiDLe3ztJ8vR3bmnE1mXetBMmAXeHoa9kW,
HMAUTVoVU3DoS5FSQbRMJ9pKceuwXP4jMWVzMr92C8gM,
9A4SKLA2Hb8LfJ8RaLuzaqfdUCych4FhA7fG3d7dxdbQ,
6mVbEsGejv4aPNRnV5z2229ynLAaJp6zf2Ao2VFsSgyy,
576zM56CoqVSzXJd8MJYoTc2TAfY1m3TvEYtoRb239hj,
5vpSPAQaAs8UDmSqRz6yvPo9cHGfFXyVEuxetbXc8v3p,
6mVbEsGejv4aPNRnV5z2229ynLAaJp6zf2Ao2VFsSgyy,
3EpVYqEcEWY9N9w7J9RGxCkVs4bHGVDNAe8S93meXViZ,
J3JQVpDzh1VSZ427M8Ptj8GLXAwMxC33E76Wfm79zEtV,
7JzeXQ76Gh4Lw7hoQVY32vELyEbKc9eLVJAxWJ1Gs5dM,
3Bn5yDy6s7jhBHnCsc87v9H8ifwQ1CAeCmDx3odiqtEb,
DkT4eqMwpUr2fqixzPpcXRL9jLx8kWJLkcmPmxPoSnk9,
5bbMweDMFCeoo1t6oCfgwH12qm9esgAd5D9typScumH7,
DRjCSeYc7GwsJhqMQJvTX4wPcbyMxq4uyKJUWtVRXC1a,
7awDnnsaqSgjuzfaJm4KMDNLYSJpTsXx6SD556irRrq6,
9A4SKLA2Hb8LfJ8RaLuzaqfdUCych4FhA7fG3d7dxdbQ,
ErKcx7oQCpqjGfbU8oa87aXgrZjxoWDkiRsDxGizcrAG,
9A4SKLA2Hb8LfJ8RaLuzaqfdUCych4FhA7fG3d7dxdbQ,
XBmYUQi3mbhJiyutMmGm56pjdsN8dS25cvy92qwLnWz,
8pQYD2nY7zpACfT2kn9BxrWFwwNDLS7qw1Q8n2vrrwfn,
EPEsjAEzVNZZtsX2u1HgNWWCMucKNaHLd2WuW6H8GMhe,
AQJqtTJoZcqrNALkgqkjqFhnyF6mPNSS6vwdhcqWwrk,
8W2bEiPrg91x2vw4oEaWSiu3JYcGB8tBT9wqfFuWVwu,
8QwoS7QKc1apEAZHfNPwrhn6GgynffozeTJp9UjXbQbC,
2h6ZkmBunDv9qeMX5Axb9aUwWcQHPkyrh4ZSL3aMsQ1c,
AQJqtTJoZcqrNALkgqkjqFhnyF6mPNSS6vwdhcqWwrk,
6mVbEsGejv4aPNRnV5z2229ynLAaJp6zf2Ao2VFsSgyy,
CvDRhHweLn322NWp9Gf1fmmvmqPB4x7n72NYSKG4BzSX,
9Bo1iLV2zUSrf2ediAzKAXrqYYYqg2nH7D6GNLoL685V,
HJvAszRAjtXvrkJpomcwxomhVhZRmFsiG9Ziqsbv56er,
EqmTm37pETfE6kE1Yf37wtAdjqh1UUGscJvYiyRrxGqc,
Gmhz5oAS83wgwZeCkjkBzSpMu5zgBnDEpw57HH28VEJw,
BPGamp8nAVMw69tBu1tmKsVvhJbHUgr1GuEftozYqukU,
E8rs4WGeUzo62BUZEuT48JVUWqczZAF2huw7xgaRMr3x,
DrBLCfTz8g46HHAL69ZGJsKYJymRJD4jSMEqeknFtit3,
DRjCSeYc7GwsJhqMQJvTX4wPcbyMxq4uyKJUWtVRXC1a,
7SSPokxyCBt82X7FKdy7XJAkhhkHqs5FvXUvUKgRFNdR,
3h7NBWbJs9FsW1RwLaGcbQsQcCLTpBcLRMe3aMjvveq7,
5DLjNbPi3BEibFnNMUbHHoSvcg2rvb63rtf4cymdnxQp,
6i8yim2XH991R3WPeZyWfA8iaghKt74aRkzcTVTawtVD,
9PN9UChfMKtPCxEY17bF4sLvpWBeepsBmfzJe5jSoSad,
H2sCvShtNDfrgi8sDkKCCEkdBGbuQZzPQMRw1jYPgP3x,
5ydyf4CgxtTtCUkmtNYNtLchY56wVFAsFrTjdFpVD8YV,
FjPPzNPetzQ7Pzb1bFsJJyxMNfGwga4UWJitTDEjcZCF,
GrkxpGr75YCMRXBe38mUJAx3HcXS3etTDTmVDJ9tp6UP,
6chzr4HPnwYtb7qpchALUKvfh5YPyJjnpJFpHGrS2Eyg,
7m1aJewc479RsxTG7a9hh8Em3zANrWnmaAVmSRyteN8z,
AVkvz1Gajbc23MyYseJ3FHWc5EqunGAw7X32tX2b1vo9,
9Hb4kC256kicVu6evgpKwZjvGBpHeinaTsCKG1D5t4TD,
3Bn5yDy6s7jhBHnCsc87v9H8ifwQ1CAeCmDx3odiqtEb,
7RoS49HKvSicDfj8ANx1fqiXrxN3piuv13auEHpiQZ9K,
CXWr5Hv9Fdfy8uD7pckYQ4LMeiE3U8PCpSrdzZoH5Mgq,
4himbhyAL7KzaTHQiGNoqYtNZvBQ25tH6punnqDJzTH4,
EdSm4gB76oaA6tdMDNLrnrAvCEtYvPqDwaJLyfXZJKKr,
6si8tPpXesvoUoKbd1UQWpbRacrZoVY5wRrX7bXvHNEv,
BQ4VEyVqyVYoKgVNRk7iebBXyN8z8iA5s2redB1dqVeJ,
5Lht14p2V2sQhS5vz3wCnqx5zWBPpEAnUWReAvq3RWfo,
ArjVUeXuvYP8qBCi177seV1vM6XvpC5yctkR8hPEXvjx,
3moEWoeJihUAemS79Mj4nJTLaToKWRFbFjp4Jcitf2rQ,
2pHYtNUD2sZX2UdYzyJu6hKdU3XAaJZg7w52bksRkdQ9,
hpRA17okCQp1TnBGm5FTL8tWQh8AiRo2C9aztzVnfHR,
9Zq3fX9vuKebRonGkMXnhN5Lend4FHDAG7mnjnBrBW2v,
FVJyEWMsM2DRVRpBbkjM5S9ohFhheXdrT8QorD2jkgR6,
DRjCSeYc7GwsJhqMQJvTX4wPcbyMxq4uyKJUWtVRXC1a,
DrD4HGHG12sT5Pqnppcywr1YE6HZUkGRex2GoTViJtG8,
6LFos8k4FNLrNck9QYUgouLdJi2pB4PGTE6xWbXzGEzy,
GrkxpGr75YCMRXBe38mUJAx3HcXS3etTDTmVDJ9tp6UP,
6mVbEsGejv4aPNRnV5z2229ynLAaJp6zf2Ao2VFsSgyy,
5EtCT1idgTT8G4QVU5vVFPXSiXR7vzDJ94deTFNQ1vaP,
BdeSu8QZMkF5dkZ1NBy7wEcnbTXhrs16fQtyfVrxEu9M,
HMAUTVoVU3DoS5FSQbRMJ9pKceuwXP4jMWVzMr92C8gM,
3hn5fWZEf2yUZcwU2CV2Wkvk7YDiysM8xBwmesFg7sN1,
E91LaMGEadbafEVyiWg5oB4n1xCV1Msg2ePLVhWpmsS5,
HWhn6PCn86zXLpoTEEw2beWAk3xpgarTqoXLtUZ4DZnZ,
6gdUAW2tYPE9LZ3gnywFR5kd6WKGJ1uCtVwxuA21TQcg,
5dkyLgymzmDtTN7gd118wv2YBYpyUJEhxa7nn83gesSa,
7KMYy11BCShBzjc2S1Xd4VLy8isZqZPon8NQTxvLuCmN,
CdUD2epmNSk4p1yYMa6zNfpWbrSHYLZhSv1WLo9Y9zRU,
63eL5c6pAwXkCpjSw8hK3bVJod4e113hSbL9DURNRJ29,
FJJc8E3ekqVoqS3NVD2UiRDvPzixDTNRyFLtVxULUyca,
GKMRM17LFJBcUPLihWEe5c3EAvELnu5m4zTNZtoxDHn3,
9PN9UChfMKtPCxEY17bF4sLvpWBeepsBmfzJe5jSoSad,
66CMWMs2RgzDraSfXyDyg5CKyBCU3VW7obdMwEkh81Qp,
9wh17iPC7QJSNm9BNejpB5J3u8Fm8uRo8Y9JAQF1runE,
8W2bEiPrg91x2vw4oEaWSiu3JYcGB8tBT9wqfFuWVwu,
hpRA17okCQp1TnBGm5FTL8tWQh8AiRo2C9aztzVnfHR,
EoMpYAoekxk737PfrNtKp3jXQHPg8pmfpHffDrKYSat3,
7RoS49HKvSicDfj8ANx1fqiXrxN3piuv13auEHpiQZ9K,
GLcm36ofWR3TMPtEqD7ocDjHuXzC6ft5vg5UgUWgveWn,
7SYNe8fsJt2tnYp1XMZH91GHazJah81nnh2ZCJ4jYTcm,
CmwNgWY5WTiDydPqwd6KSxtVsFq2E49gr3hmkaDEdBhe,
GQkZKeeMRuVnnmpCqXJGtBf4fzkKsgGnm7tC9Zb8s9qm,
AmntQ43USiRZSAzmwXD6mnH5pH3m993DfSXA28Aganrh,
DBwA2hgSGY2FTCohwfDSMN4v446v5yrMK7i3ntHuJdZS,
BdZYTXJhyCJ1C8PL4SCJUbVG21uPPBB9FLgSdymZ2qu3,
BoTnuV1PJm4NMNxaCe1RwGMUf5HDRGAVYAgQnPi2jqL6,
FviXfKAoFSeynWFG6UVPqC66pKFsDw3yxppXVn7F6xC5,
GC896fz61fGm9dK2sshccr5hBmCwEZkSrQgtnJ4Jxsmu,
HZcrf6wGhVTG7w5nCojHWyyov5ST9xMeYcjac1imyn6c,
6simnhyU6YRdrmfuPhwBuAz9YwC4MscQjavuSDe6nCjT,
4yFsTFg77M4y99EeC7Mw3hZ2uRhA7BG2Jsj9BiiQueQs,
AcLnUcaDZUQdRaSuWwpqw6eFEeYHE27ErTWRz3N4aVBE,
Eba2cnTMR4hyAQgUwiwFDBGTpvJrCYgayAfNLnt7Sh9g,
DYCHHKP2nEfED8PiR3M62zK43u8vJxG1WLKTTTd5rr1T,
3idUohSg9w1ZwefV1G7oNnU4iPpzgQUrrjFBo4u5kktQ,
4Nk37hHNqDHwgVbJJ4MhAnig8JbgGxWsAQZkccR13qgs,
BgbSJTZ3iugRXDMDwm8CNkKjbYrVvp2KZerxnVwhH4g9,
3hmnYZmFMqAce9qKDzZeJf7P98DN8JibtE6WzqTBcKZo,
9B99LMzxJhwTMUSrA54FbDLuaeZXhf1vGCSVqPDpy8Kt,
G4F6f1emZqkN1D6xVkk3pzLHyzoaFycsmEQMTZbEN1WC,
2hYV8zhziSmfDrqQCxXGRBkQRteBaQ8QwQoGe334pEuc,
9A4SKLA2Hb8LfJ8RaLuzaqfdUCych4FhA7fG3d7dxdbQ,
E92Cn6hoiDh36NFmLGoQFZgFUqwnpLoZaJNATat76Buo,
B6o6yoQ8VhXMTvQuFrRvrJgEkC9Me3gmfwgtoX3iHt95,
9brJJhejx28m9X181pVohpJALARfEahq5KAWnX9ZZjdX,
BoTnuV1PJm4NMNxaCe1RwGMUf5HDRGAVYAgQnPi2jqL6,
5iguKsV3TVcekbpNBngC1HkgsxYrryS4YXVJSVyTRrxW,
5jbLYnPhmv6sGLAYaJUpWm97p4ji2SA2sziQjDoxxtP1,
AsLZBFXPWniTpJ5E4TxUYTezTCnXuMLg8wcvLYMY6hGr,
5Lht14p2V2sQhS5vz3wCnqx5zWBPpEAnUWReAvq3RWfo,
4B5nDjkmnAAPFkc4aaNpVsWbPU3vsfUXwYLrUKm9ggh8,
71sCTcftxd332B1P5767cNXJgv1M2Ytt2tueJYJvNWYr,
DRjCSeYc7GwsJhqMQJvTX4wPcbyMxq4uyKJUWtVRXC1a,
9tLdYEXCuCooQDZmsouf2ahtDtxAd5fuvxrpxup8W8MB,
E8rs4WGeUzo62BUZEuT48JVUWqczZAF2huw7xgaRMr3x,
52AijWiDQifYVs48hvZNzzhYC78oQLAKfbfuGS4MvByN,
3qfjNjMqjKJqAWpKBMkeR1RoW6ZiXt6QHbPEvSaCFBMA,
6mVbEsGejv4aPNRnV5z2229ynLAaJp6zf2Ao2VFsSgyy,
6mVbEsGejv4aPNRnV5z2229ynLAaJp6zf2Ao2VFsSgyy,
3XoSBsbaBkbpXHYWUJC9dR5WFfn7ARTRXnr2KJAH5Gwt,
4Nk37hHNqDHwgVbJJ4MhAnig8JbgGxWsAQZkccR13qgs,
6Z9DAAa13pixB4gWwyp18WJwEZkgEqWJrJ2hEbFF3X1U,
Gu4PVc5SkN7YL5QsNGkifcaUd9ngVzeKXaFx9Eq5cfQ7,
DpaWgh3qHQ8SXVpxC6K14DcZm1ZyMpbFrJ1Tk2ycrQPJ,
6PfVXWBqASFHBJF5GsZjgV3PGhx1MnaPjE7wrwfhszrG,
FAgRdmbxJhBkDsgoHfhypkWSSZt1bQdu2oqCFrzz9Xr6,
CNLH3uZiJfbt44135dLD4RfXJ5pw6NQWR4J4tsFohXZW,
HgXevcHfkgPW7cmZABE57BpcdqaQwtuwGtJmNmYaTHF9,
Gqed16AsAxxuQGhUhVzh9v2NPeNDtzToT76Gwja5DzHr,
CEZey78CE2dn2N2jZGPFWEVhL11aaeqNdkk41tGNGCkc,
99cnVm66G2vjiGZjZke3bqdZkQJDiH6Xr85NiEJZFc6G,
HMAUTVoVU3DoS5FSQbRMJ9pKceuwXP4jMWVzMr92C8gM,
DZ3aQV5ZKuRRrCt8zGu6QmsxViiC64mCWxgt9sC674zA,
B6ns1CUq1XdpazEndKSkGLnxVfX8Q5iG8vUZ95MQZrN8,
5NHxozKsb4MS2ak1gGBB84jgZRFCxh5ZtNmoV9e64K2R,
3aHQBQyF87rQgUahacXK1JkPkiGDdQSvxUiSWNne8HTJ,
qJCkxAQ1SiaKpvh8vsA6DTSPhjQYtDctPhMB5KDJBVX,
JDRNScEJM1TtLxH5fvXgMHyJGog1QD3U8yppEG5Mbz9A,
2SC48k4i6pHGNqeSFhQRFCgnm1E9tooqCXMwp4KPAh1m,
DAd56hVZEMo2BcUM66c9wEwecruuqNwF6MHPP4pgw7ao